evento_slug,tipo,item,data_pagamento,montante,numero_fatura,fatura_com_nif,tipo_pagamento,pago,origem_tabela,origem_linha,formula_montante,raw
contas,entrada,"Conta Associação ""Deixado Q25""",,1147.18,,,,,Entradas259,19,,"{""ITEM"": ""Conta Associação \""Deixado Q25\"""", ""MONTANTE"": 1147.18}"
contas,entrada,Deposito 23/12/25 S.Outono,,829.38,,,,,Entradas259,20,,"{""ITEM"": ""Deposito 23/12/25 S.Outono"", ""MONTANTE"": 829.38}"
contas,entrada,Deposito 29/12/25 Feira dos Santos,,3885.38,,,,,Entradas259,21,,"{""ITEM"": ""Deposito 29/12/25 Feira dos Santos"", ""MONTANTE"": 3885.38}"
contas,entrada,Deposito 07/01/26 P.D.A,,2779.81,,,,,Entradas259,22,,"{""ITEM"": ""Deposito 07/01/26 P.D.A"", ""MONTANTE"": 2779.81}"
contas,entrada,Deposito 23/01/26 BTT,,1608.52,,,,,Entradas259,23,,"{""ITEM"": ""Deposito 23/01/26 BTT"", ""MONTANTE"": 1608.52}"
contas,entrada,Entrada Patrocinio A Mó,,200.0,,,,,Entradas259,24,,"{""ITEM"": ""Entrada Patrocinio A Mó"", ""MONTANTE"": 200}"
contas,entrada,Viva Fit,,100.0,,,,,Entradas259,25,,"{""ITEM"": ""Viva Fit"", ""MONTANTE"": 100}"
contas,entrada,Hexos,,25.0,,,,,Entradas259,26,,"{""ITEM"": ""Hexos"", ""MONTANTE"": 25}"
contas,entrada,A Pedalar,,3074.48,,,,,Entradas259,27,,"{""ITEM"": ""A Pedalar"", ""MONTANTE"": 3074.48}"
contas,entrada,RibaBike,,200.0,,,,,Entradas259,28,,"{""ITEM"": ""RibaBike"", ""MONTANTE"": 200}"
contas,entrada,Caspiadas Q.Sampayo,,140.0,,,,,Entradas259,29,,"{""ITEM"": ""Caspiadas Q.Sampayo"", ""MONTANTE"": 140}"
contas,entrada,Sucata Bruxedo,,150.0,,,,,Entradas259,30,,"{""ITEM"": ""Sucata Bruxedo"", ""MONTANTE"": 150}"
contas,entrada,IPSXXXXXX,,150.0,,,,,Entradas259,31,,"{""ITEM"": ""IPSXXXXXX"", ""MONTANTE"": 150}"
contas,entrada,Deposito 24-03-2026,,3365.8,,,,,Entradas259,32,,"{""ITEM"": ""Deposito 24-03-2026"", ""MONTANTE"": 3365.8}"
contas,entrada,Caspaidas CMC 04/03/26,,25.0,,,,,Entradas259,33,,"{""ITEM"": ""Caspaidas CMC 04/03/26"", ""MONTANTE"": 25}"
contas,entrada,Caspaidas CMC 20/09/25 Entrou  05/18/2026,,250.0,,,,,Entradas259,34,,"{""ITEM"": ""Caspaidas CMC 20/09/25 Entrou  05/18/2026"", ""MONTANTE"": 250}"
contas,entrada,"Entrada Patrocinio A Mó 02 ""Publicidade Festa""",,500.0,,,,,Entradas259,35,,"{""ITEM"": ""Entrada Patrocinio A Mó 02 \""Publicidade Festa\"""", ""MONTANTE"": 500}"
contas,saida,Saidas Pagas da Conta Q26 From Eventos,,890.37,,,,,Saidas360,18,=OverViewQ26!D14,"{""ITEM"": ""Saidas Pagas da Conta Q26 From Eventos"", ""DATA DE PAGAMENTO"": null, ""MONTANTE"": 890.3700000000001}"
contas,saida,Saidas Pagas da Transferencias Q26 From Eventos,,7757.46,,,,,Saidas360,19,=OverViewQ26!D17,"{""ITEM"": ""Saidas Pagas da Transferencias Q26 From Eventos"", ""DATA DE PAGAMENTO"": null, ""MONTANTE"": 7757.464999999998}"
decoracao,entrada,(sem item),,2383.96,,,,,Entradas227,18,,"{""ITEM"": null, ""MONTANTE"": 2383.96}"
decoracao,saida,Carrinho de rolamentos,,252.73,,,,,Saidas328,18,,"{""ITEM"": ""Carrinho de rolamentos"", ""DATA DE PAGAMENTO"": null, ""MONTANTE"": 252.73}"
decoracao,saida,Banca caspiadas,,100.25,,,,,Saidas328,19,,"{""ITEM"": ""Banca caspiadas"", ""DATA DE PAGAMENTO"": null, ""MONTANTE"": 100.25}"
decoracao,saida,Andor,,250.0,,,,,Saidas328,20,,"{""ITEM"": ""Andor"", ""DATA DE PAGAMENTO"": null, ""MONTANTE"": 250}"
decoracao,saida,Gravymedal,2025-10-17,24.6,,,,,Saidas328,21,,"{""ITEM"": ""Gravymedal"", ""DATA DE PAGAMENTO"": ""2025-10-17"", ""MONTANTE"": 24.6}"
decoracao,saida,Big cartshop,2025-10-10,107.94,,,,,Saidas328,22,,"{""ITEM"": ""Big cartshop"", ""DATA DE PAGAMENTO"": ""2025-10-10"", ""MONTANTE"": 107.94}"
decoracao,saida,continente,2025-10-11,28.44,,,,,Saidas328,23,,"{""ITEM"": ""continente"", ""DATA DE PAGAMENTO"": ""2025-10-11"", ""MONTANTE"": 28.44}"
decoracao,saida,agrotevel,2025-10-11,24.0,,,,,Saidas328,24,,"{""ITEM"": ""agrotevel"", ""DATA DE PAGAMENTO"": ""2025-10-11"", ""MONTANTE"": 24}"
decoracao,saida,intermarche,2025-10-11,24.45,,,,,Saidas328,25,,"{""ITEM"": ""intermarche"", ""DATA DE PAGAMENTO"": ""2025-10-11"", ""MONTANTE"": 24.45}"
decoracao,saida,big cartshop,2025-10-30,7.5,,,,,Saidas328,26,,"{""ITEM"": ""big cartshop"", ""DATA DE PAGAMENTO"": ""2025-10-30"", ""MONTANTE"": 7.5}"
decoracao,saida,Big cartshop,2025-10-30,35.23,,,,,Saidas328,27,,"{""ITEM"": ""Big cartshop"", ""DATA DE PAGAMENTO"": ""2025-10-30"", ""MONTANTE"": 35.23}"
decoracao,saida,"Verniz "" presepio """,2025-11-22,15.0,,,,,Saidas328,28,,"{""ITEM"": ""Verniz \"" presepio \"""", ""DATA DE PAGAMENTO"": ""2025-11-22"", ""MONTANTE"": 15}"
decoracao,saida,Sacos / Cola Mercadinho Natal,2025-11-29,5.89,,,,,Saidas328,29,,"{""ITEM"": ""Sacos / Cola Mercadinho Natal"", ""DATA DE PAGAMENTO"": ""2025-11-29"", ""MONTANTE"": 5.89}"
decoracao,saida,Guido Chines,2025-12-01,18.7,,,,,Saidas328,30,,"{""ITEM"": ""Guido Chines"", ""DATA DE PAGAMENTO"": ""2025-12-01"", ""MONTANTE"": 18.7}"
decoracao,saida,Ikea Dec Fados,2025-12-05,76.89,,,,,Saidas328,31,,"{""ITEM"": ""Ikea Dec Fados"", ""DATA DE PAGAMENTO"": ""2025-12-05"", ""MONTANTE"": 76.89}"
decoracao,saida,Luzes Presepio,2025-11-28,52.0,,,,,Saidas328,32,,"{""ITEM"": ""Luzes Presepio"", ""DATA DE PAGAMENTO"": ""2025-11-28"", ""MONTANTE"": 52}"
decoracao,saida,Inter Moda,2025-12-31,18.65,,,,,Saidas328,33,,"{""ITEM"": ""Inter Moda"", ""DATA DE PAGAMENTO"": ""2025-12-31"", ""MONTANTE"": 18.65}"
decoracao,saida,China Town,2025-12-31,10.55,,,,,Saidas328,34,,"{""ITEM"": ""China Town"", ""DATA DE PAGAMENTO"": ""2025-12-31"", ""MONTANTE"": 10.55}"
decoracao,saida,Staples / Cartoes,2025-12-31,32.97,,,,,Saidas328,35,,"{""ITEM"": ""Staples / Cartoes"", ""DATA DE PAGAMENTO"": ""2025-12-31"", ""MONTANTE"": 32.97}"
decoracao,saida,Canhao confetis,2025-12-31,14.15,,,,,Saidas328,36,,"{""ITEM"": ""Canhao confetis"", ""DATA DE PAGAMENTO"": ""2025-12-31"", ""MONTANTE"": 14.15}"
decoracao,saida,Staples,2025-12-31,24.9,,,,,Saidas328,37,,"{""ITEM"": ""Staples"", ""DATA DE PAGAMENTO"": ""2025-12-31"", ""MONTANTE"": 24.9}"
decoracao,saida,Espaço Oriente / frascos,2025-12-31,49.0,,,,,Saidas328,38,,"{""ITEM"": ""Espaço Oriente / frascos"", ""DATA DE PAGAMENTO"": ""2025-12-31"", ""MONTANTE"": 49}"
decoracao,saida,Chines devcoraçao,2025-12-31,175.68,,,,,Saidas328,39,,"{""ITEM"": ""Chines devcoraçao"", ""DATA DE PAGAMENTO"": ""2025-12-31"", ""MONTANTE"": 175.68}"
decoracao,saida,Big cartshop Carnaval,2026-02-12,74.04,,,,,Saidas328,40,,"{""ITEM"": ""Big cartshop Carnaval"", ""DATA DE PAGAMENTO"": ""2026-02-12"", ""MONTANTE"": 74.04}"
decoracao,saida,Big cartshop Carnaval,2026-02-13,15.0,,,,,Saidas328,41,,"{""ITEM"": ""Big cartshop Carnaval"", ""DATA DE PAGAMENTO"": ""2026-02-13"", ""MONTANTE"": 15}"
decoracao,saida,Decor Dia da Mulher,2026-02-27,94.64,,,,,Saidas328,42,,"{""ITEM"": ""Decor Dia da Mulher"", ""DATA DE PAGAMENTO"": ""2026-02-27"", ""MONTANTE"": 94.64}"
decoracao,saida,Decor Dia da Mulher 2,2026-03-04,92.89,,,,,Saidas328,43,,"{""ITEM"": ""Decor Dia da Mulher 2"", ""DATA DE PAGAMENTO"": ""2026-03-04"", ""MONTANTE"": 92.89}"
decoracao,a_pagamento,054500125/180442,,,,,,,APagamento42630,33,,"{""INFO"": ""054500125/180442"", ""DATA"": null}"
decoracao,a_pagamento,R101/00003374,,,,,,,APagamento42630,39,,"{""INFO"": ""R101/00003374"", ""DATA"": null}"
notas-de-credito,entrada,Louricake Feira 06-11-2025,,842.9,,,,,Entradas214632,18,,"{""ITEM"": ""Louricake Feira 06-11-2025"", ""MONTANTE"": 842.9}"
notas-de-credito,saida,"Louricke""Encomenda S.Outono""",2025-11-14,128.93,FAC D0/93009,True,,,Saidas315643,18,,"{""ITEM"": ""Louricke\""Encomenda S.Outono\"""", ""DATA DE PAGAMENTO"": ""2025-11-14"", ""MONTANTE"": 128.93, ""Nº Fatura"": ""FAC D0/93009"", ""Fatura C/NIF"": ""Sim""}"
notas-de-credito,saida,LouriCake,2025-12-05,63.33,FAC D0/94288,True,,,Saidas315643,19,,"{""ITEM"": ""LouriCake"", ""DATA DE PAGAMENTO"": ""2025-12-05"", ""MONTANTE"": 63.33, ""Nº Fatura"": ""FAC D0/94288"", ""Fatura C/NIF"": ""Sim""}"
notas-de-credito,saida,LouriCake,2025-12-13,73.49,FAC D0/94811,True,,,Saidas315643,20,,"{""ITEM"": ""LouriCake"", ""DATA DE PAGAMENTO"": ""2025-12-13"", ""MONTANTE"": 73.49, ""Nº Fatura"": ""FAC D0/94811"", ""Fatura C/NIF"": ""Sim""}"
notas-de-credito,saida,LouriCake,2025-12-22,246.82,FAC D0/95331,True,,,Saidas315643,21,,"{""ITEM"": ""LouriCake"", ""DATA DE PAGAMENTO"": ""2025-12-22"", ""MONTANTE"": 246.82, ""Nº Fatura"": ""FAC D0/95331"", ""Fatura C/NIF"": ""Sim""}"
notas-de-credito,saida,LouriCake,2026-01-23,40.15,FAC D0/96571,True,,,Saidas315643,22,,"{""ITEM"": ""LouriCake"", ""DATA DE PAGAMENTO"": ""2026-01-23"", ""MONTANTE"": 40.15, ""Nº Fatura"": ""FAC D0/96571"", ""Fatura C/NIF"": ""Sim""}"
notas-de-credito,saida,LouriCake,2026-02-13,177.78,FAC D0/97744,True,,,Saidas315643,23,,"{""ITEM"": ""LouriCake"", ""DATA DE PAGAMENTO"": ""2026-02-13"", ""MONTANTE"": 177.78, ""Nº Fatura"": ""FAC D0/97744"", ""Fatura C/NIF"": ""Sim""}"
notas-de-credito,saida,LouriCake,2026-03-05,112.4,FAC D0/98987,True,,,Saidas315643,24,,"{""ITEM"": ""LouriCake"", ""DATA DE PAGAMENTO"": ""2026-03-05"", ""MONTANTE"": 112.4, ""Nº Fatura"": ""FAC D0/98987"", ""Fatura C/NIF"": ""Sim""}"
novadis,entrada,Retorno,,400.0,,,,,Entradas214635,18,,"{""ITEM"": ""Retorno"", ""MONTANTE"": 400}"
novadis,saida,10 Barris / 1 CO2,2025-10-28,1678.14,,True,Dinheiro,True,Saidas315646,18,,"{""ITEM"": ""10 Barris / 1 CO2"", ""DATA DE PAGAMENTO"": ""2025-10-28"", ""MONTANTE"": 1678.14, ""Nº Fatura"": null, ""Fatura C/NIF"": ""Sim"", ""Tipo Pagamento"": ""Dinheiro"", ""Pago"": ""Sim""}"
novadis,saida,Copos,2025-10-28,169.37,,True,Dinheiro,True,Saidas315646,19,,"{""ITEM"": ""Copos"", ""DATA DE PAGAMENTO"": ""2025-10-28"", ""MONTANTE"": 169.37, ""Nº Fatura"": null, ""Fatura C/NIF"": ""Sim"", ""Tipo Pagamento"": ""Dinheiro"", ""Pago"": ""Sim""}"
novadis,saida,5 Barris / 1 CO2,2025-11-11,639.82,FT169/012181,True,Dinheiro,True,Saidas315646,20,,"{""ITEM"": ""5 Barris / 1 CO2"", ""DATA DE PAGAMENTO"": ""2025-11-11"", ""MONTANTE"": 639.82, ""Nº Fatura"": ""FT169/012181"", ""Fatura C/NIF"": ""Sim"", ""Tipo Pagamento"": ""Dinheiro"", ""Pago"": ""Sim""}"
novadis,saida,4 Barris / 1 CO2 / 2 Sangria,2026-01-13,501.34,992022293,True,Transferencia,True,Saidas315646,21,,"{""ITEM"": ""4 Barris / 1 CO2 / 2 Sangria"", ""DATA DE PAGAMENTO"": ""2026-01-13"", ""MONTANTE"": 501.34, ""Nº Fatura"": 992022293, ""Fatura C/NIF"": ""Sim"", ""Tipo Pagamento"": ""Transferencia"", ""Pago"": ""Sim""}"
novadis,saida,4 Barris / 1 CO2 / 2 Sangria,2026-02-10,162.9,FT FT2376/003090,True,Transferencia,True,Saidas315646,22,,"{""ITEM"": ""4 Barris / 1 CO2 / 2 Sangria"", ""DATA DE PAGAMENTO"": ""2026-02-10"", ""MONTANTE"": 162.9, ""Nº Fatura"": ""FT FT2376/003090"", ""Fatura C/NIF"": ""Sim"", ""Tipo Pagamento"": ""Transferencia"", ""Pago"": ""Sim""}"
novadis,saida,5 Barris / 1 CO2 / 1 Sangria,2026-05-08,538.5,NC NC164/002248 RV,True,Transferencia,True,Saidas315646,23,,"{""ITEM"": ""5 Barris / 1 CO2 / 1 Sangria"", ""DATA DE PAGAMENTO"": ""2026-05-08"", ""MONTANTE"": 538.5, ""Nº Fatura"": ""NC NC164/002248 RV"", ""Fatura C/NIF"": ""Sim"", ""Tipo Pagamento"": ""Transferencia"", ""Pago"": ""Sim""}"
novadis,saida,4 Barris,2026-05-15,101.45,,True,Transferencia,True,Saidas315646,24,,"{""ITEM"": ""4 Barris"", ""DATA DE PAGAMENTO"": ""2026-05-15"", ""MONTANTE"": 101.45, ""Nº Fatura"": null, ""Fatura C/NIF"": ""Sim"", ""Tipo Pagamento"": ""Transferencia"", ""Pago"": ""Sim""}"
caspiadas,entrada,2025-09-05,,684.5,,,,,Entradas2146311,18,=DB!C2,"{""ITEM"": ""2025-09-05"", ""MONTANTE"": 684.5}"
caspiadas,entrada,2025-09-06,,725.0,,,,,Entradas2146311,19,=DB!C3,"{""ITEM"": ""2025-09-06"", ""MONTANTE"": 725}"
caspiadas,entrada,2025-09-07,,828.41,,,,,Entradas2146311,20,=DB!C4,"{""ITEM"": ""2025-09-07"", ""MONTANTE"": 828.41}"
caspiadas,entrada,2025-09-08,,823.5,,,,,Entradas2146311,21,=DB!C5,"{""ITEM"": ""2025-09-08"", ""MONTANTE"": 823.5}"
caspiadas,entrada,2025-09-09,,1081.01,,,,,Entradas2146311,22,=DB!C6,"{""ITEM"": ""2025-09-09"", ""MONTANTE"": 1081.01}"
caspiadas,entrada,2025-09-20,,375.5,,,,,Entradas2146311,23,,"{""ITEM"": ""2025-09-20"", ""MONTANTE"": 375.5}"
caspiadas,entrada,Caspaidas CMC 20/09/25 250€,,0.0,,,,,Entradas2146311,24,,"{""ITEM"": ""Caspaidas CMC 20/09/25 250€"", ""MONTANTE"": 0}"
caspiadas,entrada,2025-10-09,,1110.0,,,,,Entradas2146311,25,=DB!C8,"{""ITEM"": ""2025-10-09"", ""MONTANTE"": 1110}"
caspiadas,entrada,2025-10-22,,1522.5,,,,,Entradas2146311,26,=DB!C9,"{""ITEM"": ""2025-10-22"", ""MONTANTE"": 1522.5}"
caspiadas,entrada,2025-11-12,,1200.0,,,,,Entradas2146311,27,=DB!C10,"{""ITEM"": ""2025-11-12"", ""MONTANTE"": 1200}"
caspiadas,entrada,2025-12-10,,987.5,,,,,Entradas2146311,28,=962.5+25,"{""ITEM"": ""2025-12-10"", ""MONTANTE"": 987.5}"
caspiadas,entrada,Q.Samaoio 10/12/25,,140.0,,,,,Entradas2146311,29,,"{""ITEM"": ""Q.Samaoio 10/12/25"", ""MONTANTE"": 140}"
caspiadas,entrada,"Sacos Milena "" Nelia""",,30.0,,,,,Entradas2146311,30,,"{""ITEM"": ""Sacos Milena \"" Nelia\"""", ""MONTANTE"": 30}"
caspiadas,entrada,2026-01-14,,1097.5,,,,,Entradas2146311,31,=1060+37.5,"{""ITEM"": ""2026-01-14"", ""MONTANTE"": 1097.5}"
caspiadas,entrada,2026-02-04,,1173.0,,,,,Entradas2146311,32,=SUM(1123+12.5+37.5),"{""ITEM"": ""2026-02-04"", ""MONTANTE"": 1173}"
caspiadas,entrada,2026-02-25,,1312.8,,,,,Entradas2146311,33,=1282.9+29.9,"{""ITEM"": ""2026-02-25"", ""MONTANTE"": 1312.8000000000002}"
caspiadas,entrada,Caspaidas CMC 04/03/26 25€,,0.0,,,,,Entradas2146311,34,,"{""ITEM"": ""Caspaidas CMC 04/03/26 25€"", ""MONTANTE"": 0}"
caspiadas,entrada,2026-03-25,,1220.2,,,,,Entradas2146311,35,,"{""ITEM"": ""2026-03-25"", ""MONTANTE"": 1220.2}"
caspiadas,entrada,2026-04-16,,1332.6,,,,,Entradas2146311,36,=1180.4+121.4+30.8,"{""ITEM"": ""2026-04-16"", ""MONTANTE"": 1332.6000000000001}"
caspiadas,saida,Intermarche,2025-06-28,11.54,,,Dinheiro,True,Saidas3156412,18,,"{""ITEM"": ""Intermarche"", ""DATA DE PAGAMENTO"": ""2025-06-28"", ""MONTANTE"": 11.54, ""Nº Fatura"": null, ""Fatura C/NIF"": null, ""Tipo Pagamento"": ""Dinheiro"", ""Pago"": ""Sim""}"
caspiadas,saida,Ezequiel Martins (azeite),2025-08-11,152.51,,False,Dinheiro,True,Saidas3156412,19,,"{""ITEM"": ""Ezequiel Martins (azeite)"", ""DATA DE PAGAMENTO"": ""2025-08-11"", ""MONTANTE"": 152.51, ""Nº Fatura"": null, ""Fatura C/NIF"": ""Não"", ""Tipo Pagamento"": ""Dinheiro"", ""Pago"": ""Sim""}"
caspiadas,saida,CMPA (sacos),2025-08-13,75.28,,,Dinheiro,True,Saidas3156412,20,,"{""ITEM"": ""CMPA (sacos)"", ""DATA DE PAGAMENTO"": ""2025-08-13"", ""MONTANTE"": 75.28, ""Nº Fatura"": null, ""Fatura C/NIF"": null, ""Tipo Pagamento"": ""Dinheiro"", ""Pago"": ""Sim""}"
caspiadas,saida,"Recheio (Açucar , sal e açucar baunilhado)",2025-08-22,304.22,,False,Dinheiro,True,Saidas3156412,21,,"{""ITEM"": ""Recheio (Açucar , sal e açucar baunilhado)"", ""DATA DE PAGAMENTO"": ""2025-08-22"", ""MONTANTE"": 304.22, ""Nº Fatura"": null, ""Fatura C/NIF"": ""Não"", ""Tipo Pagamento"": ""Dinheiro"", ""Pago"": ""Sim""}"
caspiadas,saida,Recheio (Fermento),2025-08-28,14.28,,False,Dinheiro,True,Saidas3156412,22,,"{""ITEM"": ""Recheio (Fermento)"", ""DATA DE PAGAMENTO"": ""2025-08-28"", ""MONTANTE"": 14.28, ""Nº Fatura"": null, ""Fatura C/NIF"": ""Não"", ""Tipo Pagamento"": ""Dinheiro"", ""Pago"": ""Sim""}"
caspiadas,saida,Louricake (Açucar baunilhado),2025-08-28,28.91,,True,Dinheiro,True,Saidas3156412,23,,"{""ITEM"": ""Louricake (Açucar baunilhado)"", ""DATA DE PAGAMENTO"": ""2025-08-28"", ""MONTANTE"": 28.91, ""Nº Fatura"": null, ""Fatura C/NIF"": ""Sim"", ""Tipo Pagamento"": ""Dinheiro"", ""Pago"": ""Sim""}"
caspiadas,saida,Recheio (Fermento p/ compensar o que estragou),2025-09-04,14.28,,False,Dinheiro,True,Saidas3156412,24,,"{""ITEM"": ""Recheio (Fermento p/ compensar o que estragou)"", ""DATA DE PAGAMENTO"": ""2025-09-04"", ""MONTANTE"": 14.28, ""Nº Fatura"": null, ""Fatura C/NIF"": ""Não"", ""Tipo Pagamento"": ""Dinheiro"", ""Pago"": ""Sim""}"
caspiadas,saida,Intermarche,2025-09-04,9.98,,,Dinheiro,True,Saidas3156412,25,,"{""ITEM"": ""Intermarche"", ""DATA DE PAGAMENTO"": ""2025-09-04"", ""MONTANTE"": 9.98, ""Nº Fatura"": null, ""Fatura C/NIF"": null, ""Tipo Pagamento"": ""Dinheiro"", ""Pago"": ""Sim""}"
caspiadas,saida,Intermarche,2025-09-08,10.49,,,Dinheiro,True,Saidas3156412,26,,"{""ITEM"": ""Intermarche"", ""DATA DE PAGAMENTO"": ""2025-09-08"", ""MONTANTE"": 10.49, ""Nº Fatura"": null, ""Fatura C/NIF"": null, ""Tipo Pagamento"": ""Dinheiro"", ""Pago"": ""Sim""}"
caspiadas,saida,Caspiadas Teste,2025-09-08,38.68,,False,Dinheiro,True,Saidas3156412,27,,"{""ITEM"": ""Caspiadas Teste"", ""DATA DE PAGAMENTO"": ""2025-09-08"", ""MONTANTE"": 38.68, ""Nº Fatura"": null, ""Fatura C/NIF"": ""Não"", ""Tipo Pagamento"": ""Dinheiro"", ""Pago"": ""Sim""}"
caspiadas,saida,Couves - Pago directo das caspiadas,2025-09-08,30.0,,False,Dinheiro,True,Saidas3156412,28,,"{""ITEM"": ""Couves - Pago directo das caspiadas"", ""DATA DE PAGAMENTO"": ""2025-09-08"", ""MONTANTE"": 30, ""Nº Fatura"": null, ""Fatura C/NIF"": ""Não"", ""Tipo Pagamento"": ""Dinheiro"", ""Pago"": ""Sim""}"
caspiadas,saida,Etiquetas brancas e azuis (500+2500),2025-09-08,59.61,,,Dinheiro,True,Saidas3156412,29,,"{""ITEM"": ""Etiquetas brancas e azuis (500+2500)"", ""DATA DE PAGAMENTO"": ""2025-09-08"", ""MONTANTE"": 59.61, ""Nº Fatura"": null, ""Fatura C/NIF"": null, ""Tipo Pagamento"": ""Dinheiro"", ""Pago"": ""Sim""}"
caspiadas,saida,Intermarche,2025-09-08,18.8,,,Dinheiro,True,Saidas3156412,30,,"{""ITEM"": ""Intermarche"", ""DATA DE PAGAMENTO"": ""2025-09-08"", ""MONTANTE"": 18.8, ""Nº Fatura"": null, ""Fatura C/NIF"": null, ""Tipo Pagamento"": ""Dinheiro"", ""Pago"": ""Sim""}"
caspiadas,saida,Maria Vital unipessoal,2025-09-08,17.46,,,Dinheiro,True,Saidas3156412,31,,"{""ITEM"": ""Maria Vital unipessoal"", ""DATA DE PAGAMENTO"": ""2025-09-08"", ""MONTANTE"": 17.46, ""Nº Fatura"": null, ""Fatura C/NIF"": null, ""Tipo Pagamento"": ""Dinheiro"", ""Pago"": ""Sim""}"
caspiadas,saida,Cestos Caspiadas para pontos de venda,2025-09-08,52.3,,,Dinheiro,True,Saidas3156412,32,,"{""ITEM"": ""Cestos Caspiadas para pontos de venda"", ""DATA DE PAGAMENTO"": ""2025-09-08"", ""MONTANTE"": 52.3, ""Nº Fatura"": null, ""Fatura C/NIF"": null, ""Tipo Pagamento"": ""Dinheiro"", ""Pago"": ""Sim""}"
caspiadas,saida,Recheio (Açucar e Fermento),2025-09-18,60.98,,False,Dinheiro,True,Saidas3156412,33,,"{""ITEM"": ""Recheio (Açucar e Fermento)"", ""DATA DE PAGAMENTO"": ""2025-09-18"", ""MONTANTE"": 60.98, ""Nº Fatura"": null, ""Fatura C/NIF"": ""Não"", ""Tipo Pagamento"": ""Dinheiro"", ""Pago"": ""Sim""}"
caspiadas,saida,intermarche,2025-09-20,24.56,,,Dinheiro,True,Saidas3156412,34,,"{""ITEM"": ""intermarche"", ""DATA DE PAGAMENTO"": ""2025-09-20"", ""MONTANTE"": 24.56, ""Nº Fatura"": null, ""Fatura C/NIF"": null, ""Tipo Pagamento"": ""Dinheiro"", ""Pago"": ""Sim""}"
caspiadas,saida,Pago Abel Farinha e Canela,2025-09-20,366.9,,False,Dinheiro,True,Saidas3156412,35,,"{""ITEM"": ""Pago Abel Farinha e Canela"", ""DATA DE PAGAMENTO"": ""2025-09-20"", ""MONTANTE"": 366.9, ""Nº Fatura"": null, ""Fatura C/NIF"": ""Não"", ""Tipo Pagamento"": ""Dinheiro"", ""Pago"": ""Sim""}"
caspiadas,saida,Ezequiel Martins (azeite),2025-09-22,152.51,,False,Dinheiro,True,Saidas3156412,36,,"{""ITEM"": ""Ezequiel Martins (azeite)"", ""DATA DE PAGAMENTO"": ""2025-09-22"", ""MONTANTE"": 152.51, ""Nº Fatura"": null, ""Fatura C/NIF"": ""Não"", ""Tipo Pagamento"": ""Dinheiro"", ""Pago"": ""Sim""}"
caspiadas,saida,Louricake (Açucar baunilhado),2025-09-25,7.53,,True,Dinheiro,True,Saidas3156412,37,,"{""ITEM"": ""Louricake (Açucar baunilhado)"", ""DATA DE PAGAMENTO"": ""2025-09-25"", ""MONTANTE"": 7.53, ""Nº Fatura"": null, ""Fatura C/NIF"": ""Sim"", ""Tipo Pagamento"": ""Dinheiro"", ""Pago"": ""Sim""}"
caspiadas,saida,Açucar Baunilhado (Sr ezequiel *Martins),2025-10-03,4.78,,,Dinheiro,True,Saidas3156412,38,,"{""ITEM"": ""Açucar Baunilhado (Sr ezequiel *Martins)"", ""DATA DE PAGAMENTO"": ""2025-10-03"", ""MONTANTE"": 4.78, ""Nº Fatura"": null, ""Fatura C/NIF"": null, ""Tipo Pagamento"": ""Dinheiro"", ""Pago"": ""Sim""}"
caspiadas,saida,Açucar Loiro fermento (recheio),2025-10-04,131.71,,False,Dinheiro,True,Saidas3156412,39,,"{""ITEM"": ""Açucar Loiro fermento (recheio)"", ""DATA DE PAGAMENTO"": ""2025-10-04"", ""MONTANTE"": 131.71, ""Nº Fatura"": null, ""Fatura C/NIF"": ""Não"", ""Tipo Pagamento"": ""Dinheiro"", ""Pago"": ""Sim""}"
caspiadas,saida,Ruben - Couves Caspiadas,2025-10-04,25.0,,False,Dinheiro,True,Saidas3156412,40,,"{""ITEM"": ""Ruben - Couves Caspiadas"", ""DATA DE PAGAMENTO"": ""2025-10-04"", ""MONTANTE"": 25, ""Nº Fatura"": null, ""Fatura C/NIF"": ""Não"", ""Tipo Pagamento"": ""Dinheiro"", ""Pago"": ""Sim""}"
caspiadas,saida,10000 autocolantes,2025-10-14,164.99,,,Dinheiro,True,Saidas3156412,41,,"{""ITEM"": ""10000 autocolantes"", ""DATA DE PAGAMENTO"": ""2025-10-14"", ""MONTANTE"": 164.99, ""Nº Fatura"": null, ""Fatura C/NIF"": null, ""Tipo Pagamento"": ""Dinheiro"", ""Pago"": ""Sim""}"
caspiadas,saida,Couves,2025-10-19,35.0,,False,Dinheiro,True,Saidas3156412,42,,"{""ITEM"": ""Couves"", ""DATA DE PAGAMENTO"": ""2025-10-19"", ""MONTANTE"": 35, ""Nº Fatura"": null, ""Fatura C/NIF"": ""Não"", ""Tipo Pagamento"": ""Dinheiro"", ""Pago"": ""Sim""}"
caspiadas,saida,Januarios embalagens,2025-10-22,59.36,109125/2278,True,Dinheiro,True,Saidas3156412,43,,"{""ITEM"": ""Januarios embalagens"", ""DATA DE PAGAMENTO"": ""2025-10-22"", ""MONTANTE"": 59.36, ""Nº Fatura"": ""109125/2278"", ""Fatura C/NIF"": ""Sim"", ""Tipo Pagamento"": ""Dinheiro"", ""Pago"": ""Sim""}"
caspiadas,saida,Pago Abel Farinha e Canela,2025-10-24,267.81,,False,Dinheiro,True,Saidas3156412,44,,"{""ITEM"": ""Pago Abel Farinha e Canela"", ""DATA DE PAGAMENTO"": ""2025-10-24"", ""MONTANTE"": 267.81, ""Nº Fatura"": null, ""Fatura C/NIF"": ""Não"", ""Tipo Pagamento"": ""Dinheiro"", ""Pago"": ""Sim""}"
caspiadas,saida,Açucar Amarelo \ Fermento,2025-11-06,176.35,,,Dinheiro,True,Saidas3156412,45,,"{""ITEM"": ""Açucar Amarelo \\ Fermento"", ""DATA DE PAGAMENTO"": ""2025-11-06"", ""MONTANTE"": 176.35, ""Nº Fatura"": null, ""Fatura C/NIF"": null, ""Tipo Pagamento"": ""Dinheiro"", ""Pago"": ""Sim""}"
caspiadas,saida,Pequenos Almoços,2025-11-12,10.37,,False,Dinheiro,True,Saidas3156412,46,,"{""ITEM"": ""Pequenos Almoços"", ""DATA DE PAGAMENTO"": ""2025-11-12"", ""MONTANTE"": 10.37, ""Nº Fatura"": null, ""Fatura C/NIF"": ""Não"", ""Tipo Pagamento"": ""Dinheiro"", ""Pago"": ""Sim""}"
caspiadas,saida,Almoços Paula e Manuela,2025-11-12,9.4,,False,Dinheiro,True,Saidas3156412,47,,"{""ITEM"": ""Almoços Paula e Manuela"", ""DATA DE PAGAMENTO"": ""2025-11-12"", ""MONTANTE"": 9.4, ""Nº Fatura"": null, ""Fatura C/NIF"": ""Não"", ""Tipo Pagamento"": ""Dinheiro"", ""Pago"": ""Sim""}"
caspiadas,saida,Pago Abel Farinha e Canela,2025-11-12,107.12,,False,Dinheiro,True,Saidas3156412,48,,"{""ITEM"": ""Pago Abel Farinha e Canela"", ""DATA DE PAGAMENTO"": ""2025-11-12"", ""MONTANTE"": 107.12, ""Nº Fatura"": null, ""Fatura C/NIF"": ""Não"", ""Tipo Pagamento"": ""Dinheiro"", ""Pago"": ""Sim""}"
caspiadas,saida,Azeite,2025-11-17,152.51,FT25101007727,False,Dinheiro,True,Saidas3156412,49,,"{""ITEM"": ""Azeite"", ""DATA DE PAGAMENTO"": ""2025-11-17"", ""MONTANTE"": 152.51, ""Nº Fatura"": ""FT25101007727"", ""Fatura C/NIF"": ""Não"", ""Tipo Pagamento"": ""Dinheiro"", ""Pago"": ""Sim""}"
caspiadas,saida,Intermarche Pequeno Almoço,2025-12-10,12.55,0E1A08125/160524,True,Dinheiro,True,Saidas3156412,50,,"{""ITEM"": ""Intermarche Pequeno Almoço"", ""DATA DE PAGAMENTO"": ""2025-12-10"", ""MONTANTE"": 12.55, ""Nº Fatura"": ""0E1A08125/160524"", ""Fatura C/NIF"": ""Sim"", ""Tipo Pagamento"": ""Dinheiro"", ""Pago"": ""Sim""}"
caspiadas,saida,almoço da Manuela e da Paula,2025-12-10,8.6,16 2500/003332,True,Dinheiro,True,Saidas3156412,51,,"{""ITEM"": ""almoço da Manuela e da Paula"", ""DATA DE PAGAMENTO"": ""2025-12-10"", ""MONTANTE"": 8.6, ""Nº Fatura"": ""16 2500/003332"", ""Fatura C/NIF"": ""Sim"", ""Tipo Pagamento"": ""Dinheiro"", ""Pago"": ""Sim""}"
caspiadas,saida,Açucar Baunilhado Lidl,2025-12-10,1.19,054500125/171355,True,Dinheiro,True,Saidas3156412,52,,"{""ITEM"": ""Açucar Baunilhado Lidl"", ""DATA DE PAGAMENTO"": ""2025-12-10"", ""MONTANTE"": 1.19, ""Nº Fatura"": ""054500125/171355"", ""Fatura C/NIF"": ""Sim"", ""Tipo Pagamento"": ""Dinheiro"", ""Pago"": ""Sim""}"
caspiadas,saida,Pago Abel Farinha e Canela,2025-12-12,107.12,,False,Dinheiro,True,Saidas3156412,53,,"{""ITEM"": ""Pago Abel Farinha e Canela"", ""DATA DE PAGAMENTO"": ""2025-12-12"", ""MONTANTE"": 107.12, ""Nº Fatura"": null, ""Fatura C/NIF"": ""Não"", ""Tipo Pagamento"": ""Dinheiro"", ""Pago"": ""Sim""}"
caspiadas,saida,Sacos Caspiadas,2025-12-22,59.36,FAT 109125/2704,True,Transferencia,True,Saidas3156412,54,,"{""ITEM"": ""Sacos Caspiadas"", ""DATA DE PAGAMENTO"": ""2025-12-22"", ""MONTANTE"": 59.36, ""Nº Fatura"": ""FAT 109125/2704"", ""Fatura C/NIF"": ""Sim"", ""Tipo Pagamento"": ""Transferencia"", ""Pago"": ""Sim""}"
caspiadas,saida,Sacos Caspiadas 50oes VLC,2026-01-03,29.68,FAT 109126/14,True,Transferencia,True,Saidas3156412,55,,"{""ITEM"": ""Sacos Caspiadas 50oes VLC"", ""DATA DE PAGAMENTO"": ""2026-01-03"", ""MONTANTE"": 29.68, ""Nº Fatura"": ""FAT 109126/14"", ""Fatura C/NIF"": ""Sim"", ""Tipo Pagamento"": ""Transferencia"", ""Pago"": ""Sim""}"
caspiadas,saida,Almoços Pai da Ligia,2026-01-14,19.4,,False,Dinheiro,True,Saidas3156412,56,,"{""ITEM"": ""Almoços Pai da Ligia"", ""DATA DE PAGAMENTO"": ""2026-01-14"", ""MONTANTE"": 19.4, ""Nº Fatura"": null, ""Fatura C/NIF"": ""Não"", ""Tipo Pagamento"": ""Dinheiro"", ""Pago"": ""Sim""}"
caspiadas,saida,Pago Abel Farinha e Canela 01-26,2026-01-14,107.12,,False,Dinheiro,True,Saidas3156412,57,,"{""ITEM"": ""Pago Abel Farinha e Canela 01-26"", ""DATA DE PAGAMENTO"": ""2026-01-14"", ""MONTANTE"": 107.12, ""Nº Fatura"": null, ""Fatura C/NIF"": ""Não"", ""Tipo Pagamento"": ""Dinheiro"", ""Pago"": ""Sim""}"
caspiadas,saida,Recheio (Açucar),2026-01-31,201.31,26204204/0000005124,False,Dinheiro,True,Saidas3156412,58,,"{""ITEM"": ""Recheio (Açucar)"", ""DATA DE PAGAMENTO"": ""2026-01-31"", ""MONTANTE"": 201.31, ""Nº Fatura"": ""26204204/0000005124"", ""Fatura C/NIF"": ""Não"", ""Tipo Pagamento"": ""Dinheiro"", ""Pago"": ""Sim""}"
caspiadas,saida,Pago Abel Farinha e Canela 04-02-26,2026-02-04,158.48,,False,Dinheiro,True,Saidas3156412,59,,"{""ITEM"": ""Pago Abel Farinha e Canela 04-02-26"", ""DATA DE PAGAMENTO"": ""2026-02-04"", ""MONTANTE"": 158.48, ""Nº Fatura"": null, ""Fatura C/NIF"": ""Não"", ""Tipo Pagamento"": ""Dinheiro"", ""Pago"": ""Sim""}"
caspiadas,saida,Acerto Agua/Luz Abel 11 Confeções,2026-02-15,564.99,,False,Dinheiro,True,Saidas3156412,60,,"{""ITEM"": ""Acerto Agua/Luz Abel 11 Confeções"", ""DATA DE PAGAMENTO"": ""2026-02-15"", ""MONTANTE"": 564.99, ""Nº Fatura"": null, ""Fatura C/NIF"": ""Não"", ""Tipo Pagamento"": ""Dinheiro"", ""Pago"": ""Sim""}"
caspiadas,saida,Pago Abel Farinha e Canela 04-03-26,2026-02-28,158.5,,False,Dinheiro,True,Saidas3156412,61,,"{""ITEM"": ""Pago Abel Farinha e Canela 04-03-26"", ""DATA DE PAGAMENTO"": ""2026-02-28"", ""MONTANTE"": 158.5, ""Nº Fatura"": null, ""Fatura C/NIF"": ""Não"", ""Tipo Pagamento"": ""Dinheiro"", ""Pago"": ""Sim""}"
caspiadas,saida,Vassouras,2026-02-25,7.8,,False,Dinheiro,True,Saidas3156412,62,,"{""ITEM"": ""Vassouras"", ""DATA DE PAGAMENTO"": ""2026-02-25"", ""MONTANTE"": 7.8, ""Nº Fatura"": null, ""Fatura C/NIF"": ""Não"", ""Tipo Pagamento"": ""Dinheiro"", ""Pago"": ""Sim""}"
caspiadas,saida,Pequenos Almoços Caspaiadas,2026-02-25,28.14,,False,Dinheiro,True,Saidas3156412,63,,"{""ITEM"": ""Pequenos Almoços Caspaiadas"", ""DATA DE PAGAMENTO"": ""2026-02-25"", ""MONTANTE"": 28.14, ""Nº Fatura"": null, ""Fatura C/NIF"": ""Não"", ""Tipo Pagamento"": ""Dinheiro"", ""Pago"": ""Sim""}"
caspiadas,saida,Almoços Paula e Manuela,2026-02-25,10.2,,False,Dinheiro,True,Saidas3156412,64,,"{""ITEM"": ""Almoços Paula e Manuela"", ""DATA DE PAGAMENTO"": ""2026-02-25"", ""MONTANTE"": 10.2, ""Nº Fatura"": null, ""Fatura C/NIF"": ""Não"", ""Tipo Pagamento"": ""Dinheiro"", ""Pago"": ""Sim""}"
caspiadas,saida,Recheio (Açucar),2026-03-23,130.36,bR 26204204/0000051405,False,Dinheiro,True,Saidas3156412,65,,"{""ITEM"": ""Recheio (Açucar)"", ""DATA DE PAGAMENTO"": ""2026-03-23"", ""MONTANTE"": 130.36, ""Nº Fatura"": ""bR 26204204/0000051405"", ""Fatura C/NIF"": ""Não"", ""Tipo Pagamento"": ""Dinheiro"", ""Pago"": ""Sim""}"
caspiadas,saida,Alomoços Caspiadas 25/03,2026-03-25,45.9,,False,Dinheiro,True,Saidas3156412,66,,"{""ITEM"": ""Alomoços Caspiadas 25/03"", ""DATA DE PAGAMENTO"": ""2026-03-25"", ""MONTANTE"": 45.9, ""Nº Fatura"": null, ""Fatura C/NIF"": ""Não"", ""Tipo Pagamento"": ""Dinheiro"", ""Pago"": ""Sim""}"
caspiadas,saida,Pago Abel Farinha e Canela 04-03-26,2026-03-25,158.5,,False,Dinheiro,True,Saidas3156412,67,,"{""ITEM"": ""Pago Abel Farinha e Canela 04-03-26"", ""DATA DE PAGAMENTO"": ""2026-03-25"", ""MONTANTE"": 158.5, ""Nº Fatura"": null, ""Fatura C/NIF"": ""Não"", ""Tipo Pagamento"": ""Dinheiro"", ""Pago"": ""Sim""}"
caspiadas,saida,P.Almoços 24/03 Café,2026-04-14,10.49,,False,Dinheiro,True,Saidas3156412,68,,"{""ITEM"": ""P.Almoços 24/03 Café"", ""DATA DE PAGAMENTO"": ""2026-04-14"", ""MONTANTE"": 10.49, ""Nº Fatura"": null, ""Fatura C/NIF"": ""Não"", ""Tipo Pagamento"": ""Dinheiro"", ""Pago"": ""Sim""}"
caspiadas,saida,P.Almoços 24/03 Varios,2026-04-14,6.32,,False,Dinheiro,True,Saidas3156412,69,,"{""ITEM"": ""P.Almoços 24/03 Varios"", ""DATA DE PAGAMENTO"": ""2026-04-14"", ""MONTANTE"": 6.32, ""Nº Fatura"": null, ""Fatura C/NIF"": ""Não"", ""Tipo Pagamento"": ""Dinheiro"", ""Pago"": ""Sim""}"
caspiadas,saida,P.Almoços 24/03 Café 02,2026-04-11,29.38,,False,Dinheiro,True,Saidas3156412,70,,"{""ITEM"": ""P.Almoços 24/03 Café 02"", ""DATA DE PAGAMENTO"": ""2026-04-11"", ""MONTANTE"": 29.38, ""Nº Fatura"": null, ""Fatura C/NIF"": ""Não"", ""Tipo Pagamento"": ""Dinheiro"", ""Pago"": ""Sim""}"
caspiadas,saida,Pago Abel Farinha e Canela 15-04-26,2026-04-15,158.5,,False,Dinheiro,True,Saidas3156412,71,,"{""ITEM"": ""Pago Abel Farinha e Canela 15-04-26"", ""DATA DE PAGAMENTO"": ""2026-04-15"", ""MONTANTE"": 158.5, ""Nº Fatura"": null, ""Fatura C/NIF"": ""Não"", ""Tipo Pagamento"": ""Dinheiro"", ""Pago"": ""Sim""}"
caspiadas,saida,Almoços dia 15/04/26,2026-04-16,47.5,FS 2026A39/292,False,Dinheiro,True,Saidas3156412,72,,"{""ITEM"": ""Almoços dia 15/04/26"", ""DATA DE PAGAMENTO"": ""2026-04-16"", ""MONTANTE"": 47.5, ""Nº Fatura"": ""FS 2026A39/292"", ""Fatura C/NIF"": ""Não"", ""Tipo Pagamento"": ""Dinheiro"", ""Pago"": ""Sim""}"
caspiadas,saida,Pequenos Almoços 15/04/2026,2026-04-16,8.63,FS 7040A2602/12817,False,Dinheiro,True,Saidas3156412,73,,"{""ITEM"": ""Pequenos Almoços 15/04/2026"", ""DATA DE PAGAMENTO"": ""2026-04-16"", ""MONTANTE"": 8.63, ""Nº Fatura"": ""FS 7040A2602/12817"", ""Fatura C/NIF"": ""Não"", ""Tipo Pagamento"": ""Dinheiro"", ""Pago"": ""Sim""}"
caspiadas,saida,"Recheio 3 ""Açucar Caspiadas""",2026-04-18,169.8,,True,Dinheiro,True,Saidas3156412,74,,"{""ITEM"": ""Recheio 3 \""Açucar Caspiadas\"""", ""DATA DE PAGAMENTO"": ""2026-04-18"", ""MONTANTE"": 169.8, ""Nº Fatura"": null, ""Fatura C/NIF"": ""Sim"", ""Tipo Pagamento"": ""Dinheiro"", ""Pago"": ""Sim""}"
sedeconsumiveis,entrada,Aluguer Sede (Carina irmã do Lapa),,100.0,,,,,Entradas2146352,18,,"{""ITEM"": ""Aluguer Sede (Carina irmã do Lapa)"", ""MONTANTE"": 100}"
sedeconsumiveis,entrada,Bar Exploração Extra,,50.85,,,,,Entradas2146352,19,,"{""ITEM"": ""Bar Exploração Extra"", ""MONTANTE"": 50.85}"
sedeconsumiveis,entrada,Venda de oleo srª farturas,,130.0,,,,,Entradas2146352,20,,"{""ITEM"": ""Venda de oleo srª farturas"", ""MONTANTE"": 130}"
sedeconsumiveis,entrada,Venda Sucata casa da festa,,160.0,,,,,Entradas2146352,21,,"{""ITEM"": ""Venda Sucata casa da festa"", ""MONTANTE"": 160}"
sedeconsumiveis,entrada,Bar Exploraçao Extra 01/26,,26.0,,,,,Entradas2146352,22,=14+10+2,"{""ITEM"": ""Bar Exploraçao Extra 01/26"", ""MONTANTE"": 26}"
sedeconsumiveis,entrada,Sucata Bruxedo,,150.0,,,,,Entradas2146352,23,,"{""ITEM"": ""Sucata Bruxedo"", ""MONTANTE"": 150}"
sedeconsumiveis,entrada,Aluguer Sede + Barril(Tiago Frazoa),,350.0,,,,,Entradas2146352,24,,"{""ITEM"": ""Aluguer Sede + Barril(Tiago Frazoa)"", ""MONTANTE"": 350}"
sedeconsumiveis,entrada,Bar Exploraçao Extra 02/26,,38.89,,,,,Entradas2146352,25,,"{""ITEM"": ""Bar Exploraçao Extra 02/26"", ""MONTANTE"": 38.89}"
sedeconsumiveis,entrada,Aluguer Sede 22/23/2026,,250.0,,,,,Entradas2146352,26,,"{""ITEM"": ""Aluguer Sede 22/23/2026"", ""MONTANTE"": 250}"
sedeconsumiveis,entrada,Barril Abel,,0.0,,,,,Entradas2146352,27,,"{""ITEM"": ""Barril Abel"", ""MONTANTE"": 0}"
sedeconsumiveis,entrada,Aluguer Sede 03/05/2026,,100.0,,,,,Entradas2146352,28,,"{""ITEM"": ""Aluguer Sede 03/05/2026"", ""MONTANTE"": 100}"
sedeconsumiveis,saida,Bilha Gás 11 Kg´s,2025-10-30,34.9,,False,Dinheiro,True,Saidas3156453,18,,"{""ITEM"": ""Bilha Gás 11 Kg´s"", ""DATA DE PAGAMENTO"": ""2025-10-30"", ""MONTANTE"": 34.9, ""Nº Fatura"": null, ""Fatura C/NIF"": ""Não"", ""Tipo Pagamento"": ""Dinheiro"", ""Pago"": ""Sim""}"
sedeconsumiveis,saida,Gás 45Kg,2025-11-26,114.9,FTA F/A04/4003041,True,Dinheiro,True,Saidas3156453,19,,"{""ITEM"": ""Gás 45Kg"", ""DATA DE PAGAMENTO"": ""2025-11-26"", ""MONTANTE"": 114.9, ""Nº Fatura"": ""FTA F/A04/4003041"", ""Fatura C/NIF"": ""Sim"", ""Tipo Pagamento"": ""Dinheiro"", ""Pago"": ""Sim""}"
sedeconsumiveis,saida,Bilha Gás 11 Kg´s X2,2025-12-06,63.8,1768P1T00B25800000000/92883,True,Dinheiro,True,Saidas3156453,20,,"{""ITEM"": ""Bilha Gás 11 Kg´s X2"", ""DATA DE PAGAMENTO"": ""2025-12-06"", ""MONTANTE"": 63.8, ""Nº Fatura"": ""1768P1T00B25800000000/92883"", ""Fatura C/NIF"": ""Sim"", ""Tipo Pagamento"": ""Dinheiro"", ""Pago"": ""Sim""}"
sedeconsumiveis,saida,"Giz "" Oferta p/ Bela""",2025-12-11,20.31,LU56K5MONAEUI,False,Dinheiro,True,Saidas3156453,21,,"{""ITEM"": ""Giz \"" Oferta p/ Bela\"""", ""DATA DE PAGAMENTO"": ""2025-12-11"", ""MONTANTE"": 20.31, ""Nº Fatura"": ""LU56K5MONAEUI"", ""Fatura C/NIF"": ""Não"", ""Tipo Pagamento"": ""Dinheiro"", ""Pago"": ""Sim""}"
sedeconsumiveis,saida,Aspirador Lidl,2025-12-27,59.99,054500125/180442,True,Dinheiro,True,Saidas3156453,22,,"{""ITEM"": ""Aspirador Lidl"", ""DATA DE PAGAMENTO"": ""2025-12-27"", ""MONTANTE"": 59.99, ""Nº Fatura"": ""054500125/180442"", ""Fatura C/NIF"": ""Sim"", ""Tipo Pagamento"": ""Dinheiro"", ""Pago"": ""Sim""}"
sedeconsumiveis,saida,"Projetor 4K"" Bela""",2025-12-10,36.85,402-1858946-6893159,False,Dinheiro,True,Saidas3156453,23,,"{""ITEM"": ""Projetor 4K\"" Bela\"""", ""DATA DE PAGAMENTO"": ""2025-12-10"", ""MONTANTE"": 36.85, ""Nº Fatura"": ""402-1858946-6893159"", ""Fatura C/NIF"": ""Não"", ""Tipo Pagamento"": ""Dinheiro"", ""Pago"": ""Sim""}"
sedeconsumiveis,saida,Tinteiro,2026-01-07,31.99,,False,Dinheiro,True,Saidas3156453,24,,"{""ITEM"": ""Tinteiro"", ""DATA DE PAGAMENTO"": ""2026-01-07"", ""MONTANTE"": 31.99, ""Nº Fatura"": null, ""Fatura C/NIF"": ""Não"", ""Tipo Pagamento"": ""Dinheiro"", ""Pago"": ""Sim""}"
sedeconsumiveis,saida,Garrafa Propano 45kg,2026-01-03,114.9,FTA04/4003089,True,Transferencia,True,Saidas3156453,25,,"{""ITEM"": ""Garrafa Propano 45kg"", ""DATA DE PAGAMENTO"": ""2026-01-03"", ""MONTANTE"": 114.9, ""Nº Fatura"": ""FTA04/4003089"", ""Fatura C/NIF"": ""Sim"", ""Tipo Pagamento"": ""Transferencia"", ""Pago"": ""Sim""}"
sedeconsumiveis,saida,Impressora Termica,2026-02-14,60.0,,False,Dinheiro,True,Saidas3156453,26,,"{""ITEM"": ""Impressora Termica"", ""DATA DE PAGAMENTO"": ""2026-02-14"", ""MONTANTE"": 60, ""Nº Fatura"": null, ""Fatura C/NIF"": ""Não"", ""Tipo Pagamento"": ""Dinheiro"", ""Pago"": ""Sim""}"
sedeconsumiveis,saida,Tinteiro,2026-05-22,61.98,,False,Dinheiro,True,Saidas3156453,27,,"{""ITEM"": ""Tinteiro"", ""DATA DE PAGAMENTO"": ""2026-05-22"", ""MONTANTE"": 61.98, ""Nº Fatura"": null, ""Fatura C/NIF"": ""Não"", ""Tipo Pagamento"": ""Dinheiro"", ""Pago"": ""Sim""}"
sededespesas,saida,Endesa Luz Sede Out/Nov,2025-12-26,83.28,,True,Transferencia,True,Saidas315649,18,,"{""ITEM"": ""Endesa Luz Sede Out/Nov"", ""DATA DE PAGAMENTO"": ""2025-12-26"", ""MONTANTE"": 83.28, ""Nº Fatura"": null, ""Fatura C/NIF"": ""Sim"", ""Tipo Pagamento"": ""Transferencia"", ""Pago"": ""Sim""}"
sededespesas,saida,Mensalidade Telemovel Q26,2025-11-03,30.0,,False,Dinheiro,,Saidas315649,19,,"{""ITEM"": ""Mensalidade Telemovel Q26"", ""DATA DE PAGAMENTO"": ""2025-11-03"", ""MONTANTE"": 30, ""Nº Fatura"": null, ""Fatura C/NIF"": ""Não"", ""Tipo Pagamento"": ""Dinheiro"", ""Pago"": null}"
sededespesas,saida,Cartagua,2025-12-23,67.58,,True,Transferencia,True,Saidas315649,20,,"{""ITEM"": ""Cartagua"", ""DATA DE PAGAMENTO"": ""2025-12-23"", ""MONTANTE"": 67.58, ""Nº Fatura"": null, ""Fatura C/NIF"": ""Sim"", ""Tipo Pagamento"": ""Transferencia"", ""Pago"": ""Sim""}"
sededespesas,saida,Encargo Mensal,2026-01-08,18.45,,True,Transferencia,True,Saidas315649,21,,"{""ITEM"": ""Encargo Mensal"", ""DATA DE PAGAMENTO"": ""2026-01-08"", ""MONTANTE"": 18.45, ""Nº Fatura"": null, ""Fatura C/NIF"": ""Sim"", ""Tipo Pagamento"": ""Transferencia"", ""Pago"": ""Sim""}"
sededespesas,saida,Renda Mensal nTPAs,2026-01-08,30.75,,True,Transferencia,True,Saidas315649,22,,"{""ITEM"": ""Renda Mensal nTPAs"", ""DATA DE PAGAMENTO"": ""2026-01-08"", ""MONTANTE"": 30.75, ""Nº Fatura"": null, ""Fatura C/NIF"": ""Sim"", ""Tipo Pagamento"": ""Transferencia"", ""Pago"": ""Sim""}"
sededespesas,saida,Renda Mensal nTPAs,2026-01-08,30.75,,True,Transferencia,True,Saidas315649,23,,"{""ITEM"": ""Renda Mensal nTPAs"", ""DATA DE PAGAMENTO"": ""2026-01-08"", ""MONTANTE"": 30.75, ""Nº Fatura"": null, ""Fatura C/NIF"": ""Sim"", ""Tipo Pagamento"": ""Transferencia"", ""Pago"": ""Sim""}"
sededespesas,saida,IRS/IRC E IMPOSTO DO SELO,2026-01-21,58.78,‭80675018978‬,True,Transferencia,True,Saidas315649,24,,"{""ITEM"": ""IRS/IRC E IMPOSTO DO SELO"", ""DATA DE PAGAMENTO"": ""2026-01-21"", ""MONTANTE"": 58.78, ""Nº Fatura"": ""‭80675018978‬"", ""Fatura C/NIF"": ""Sim"", ""Tipo Pagamento"": ""Transferencia"", ""Pago"": ""Sim""}"
sededespesas,saida,FM Contablistas Mês 01/26,2026-01-22,178.35,,True,Transferencia,True,Saidas315649,25,,"{""ITEM"": ""FM Contablistas Mês 01/26"", ""DATA DE PAGAMENTO"": ""2026-01-22"", ""MONTANTE"": 178.35, ""Nº Fatura"": null, ""Fatura C/NIF"": ""Sim"", ""Tipo Pagamento"": ""Transferencia"", ""Pago"": ""Sim""}"
sededespesas,saida,Cartagua janeiro,2026-01-27,54.47,,True,Transferencia,True,Saidas315649,26,,"{""ITEM"": ""Cartagua janeiro"", ""DATA DE PAGAMENTO"": ""2026-01-27"", ""MONTANTE"": 54.47, ""Nº Fatura"": null, ""Fatura C/NIF"": ""Sim"", ""Tipo Pagamento"": ""Transferencia"", ""Pago"": ""Sim""}"
sededespesas,saida,Endesa Luz Sede Nov/Dez,2026-01-26,92.55,,True,Transferencia,True,Saidas315649,27,,"{""ITEM"": ""Endesa Luz Sede Nov/Dez"", ""DATA DE PAGAMENTO"": ""2026-01-26"", ""MONTANTE"": 92.55, ""Nº Fatura"": null, ""Fatura C/NIF"": ""Sim"", ""Tipo Pagamento"": ""Transferencia"", ""Pago"": ""Sim""}"
sededespesas,saida,Seguro Carrinha Quarentoes,2026-02-02,424.83,,True,Transferencia,True,Saidas315649,28,,"{""ITEM"": ""Seguro Carrinha Quarentoes"", ""DATA DE PAGAMENTO"": ""2026-02-02"", ""MONTANTE"": 424.83, ""Nº Fatura"": null, ""Fatura C/NIF"": ""Sim"", ""Tipo Pagamento"": ""Transferencia"", ""Pago"": ""Sim""}"
sededespesas,saida,Mensalidade Telemovel Q26 02/26,2026-02-03,10.0,,False,Dinheiro,True,Saidas315649,29,,"{""ITEM"": ""Mensalidade Telemovel Q26 02/26"", ""DATA DE PAGAMENTO"": ""2026-02-03"", ""MONTANTE"": 10, ""Nº Fatura"": null, ""Fatura C/NIF"": ""Não"", ""Tipo Pagamento"": ""Dinheiro"", ""Pago"": ""Sim""}"
sededespesas,saida,Encargo Mensal,2026-02-08,18.15,,True,Transferencia,True,Saidas315649,30,,"{""ITEM"": ""Encargo Mensal"", ""DATA DE PAGAMENTO"": ""2026-02-08"", ""MONTANTE"": 18.15, ""Nº Fatura"": null, ""Fatura C/NIF"": ""Sim"", ""Tipo Pagamento"": ""Transferencia"", ""Pago"": ""Sim""}"
sededespesas,saida,Renda Mensal nTPAs,2026-02-08,30.75,,True,Transferencia,True,Saidas315649,31,,"{""ITEM"": ""Renda Mensal nTPAs"", ""DATA DE PAGAMENTO"": ""2026-02-08"", ""MONTANTE"": 30.75, ""Nº Fatura"": null, ""Fatura C/NIF"": ""Sim"", ""Tipo Pagamento"": ""Transferencia"", ""Pago"": ""Sim""}"
sededespesas,saida,Renda Mensal nTPAs,2026-02-08,30.75,,True,Transferencia,True,Saidas315649,32,,"{""ITEM"": ""Renda Mensal nTPAs"", ""DATA DE PAGAMENTO"": ""2026-02-08"", ""MONTANTE"": 30.75, ""Nº Fatura"": null, ""Fatura C/NIF"": ""Sim"", ""Tipo Pagamento"": ""Transferencia"", ""Pago"": ""Sim""}"
sededespesas,saida,Endesa Luz Sede Dez/JAN,2026-02-23,94.4,,True,Transferencia,True,Saidas315649,33,,"{""ITEM"": ""Endesa Luz Sede Dez/JAN"", ""DATA DE PAGAMENTO"": ""2026-02-23"", ""MONTANTE"": 94.4, ""Nº Fatura"": null, ""Fatura C/NIF"": ""Sim"", ""Tipo Pagamento"": ""Transferencia"", ""Pago"": ""Sim""}"
sededespesas,saida,FM Contablistas Mês 02/26,2026-03-02,178.35,,True,Transferencia,True,Saidas315649,34,,"{""ITEM"": ""FM Contablistas Mês 02/26"", ""DATA DE PAGAMENTO"": ""2026-03-02"", ""MONTANTE"": 178.35, ""Nº Fatura"": null, ""Fatura C/NIF"": ""Sim"", ""Tipo Pagamento"": ""Transferencia"", ""Pago"": ""Sim""}"
sededespesas,saida,Cartagua Fevereiro,2026-03-02,63.53,,True,Transferencia,True,Saidas315649,35,,"{""ITEM"": ""Cartagua Fevereiro"", ""DATA DE PAGAMENTO"": ""2026-03-02"", ""MONTANTE"": 63.53, ""Nº Fatura"": null, ""Fatura C/NIF"": ""Sim"", ""Tipo Pagamento"": ""Transferencia"", ""Pago"": ""Sim""}"
sededespesas,saida,Mensalidade Telemovel Q26 03/26,2026-02-03,10.0,,False,Dinheiro,True,Saidas315649,36,,"{""ITEM"": ""Mensalidade Telemovel Q26 03/26"", ""DATA DE PAGAMENTO"": ""2026-02-03"", ""MONTANTE"": 10, ""Nº Fatura"": null, ""Fatura C/NIF"": ""Não"", ""Tipo Pagamento"": ""Dinheiro"", ""Pago"": ""Sim""}"
sededespesas,saida,Encargo Mensal,2026-03-08,18.45,,True,Transferencia,True,Saidas315649,37,,"{""ITEM"": ""Encargo Mensal"", ""DATA DE PAGAMENTO"": ""2026-03-08"", ""MONTANTE"": 18.45, ""Nº Fatura"": null, ""Fatura C/NIF"": ""Sim"", ""Tipo Pagamento"": ""Transferencia"", ""Pago"": ""Sim""}"
sededespesas,saida,Renda Mensal nTPAs,2026-03-08,30.75,,True,Transferencia,True,Saidas315649,38,,"{""ITEM"": ""Renda Mensal nTPAs"", ""DATA DE PAGAMENTO"": ""2026-03-08"", ""MONTANTE"": 30.75, ""Nº Fatura"": null, ""Fatura C/NIF"": ""Sim"", ""Tipo Pagamento"": ""Transferencia"", ""Pago"": ""Sim""}"
sededespesas,saida,Renda Mensal nTPAs,2026-03-08,30.75,,True,Transferencia,True,Saidas315649,39,,"{""ITEM"": ""Renda Mensal nTPAs"", ""DATA DE PAGAMENTO"": ""2026-03-08"", ""MONTANTE"": 30.75, ""Nº Fatura"": null, ""Fatura C/NIF"": ""Sim"", ""Tipo Pagamento"": ""Transferencia"", ""Pago"": ""Sim""}"
sededespesas,saida,FM Contablistas Mês 03/26,2026-03-14,178.35,,True,Transferencia,True,Saidas315649,40,,"{""ITEM"": ""FM Contablistas Mês 03/26"", ""DATA DE PAGAMENTO"": ""2026-03-14"", ""MONTANTE"": 178.35, ""Nº Fatura"": null, ""Fatura C/NIF"": ""Sim"", ""Tipo Pagamento"": ""Transferencia"", ""Pago"": ""Sim""}"
sededespesas,saida,Pagamento Padre,2026-03-18,30.0,,False,Dinheiro,True,Saidas315649,41,,"{""ITEM"": ""Pagamento Padre"", ""DATA DE PAGAMENTO"": ""2026-03-18"", ""MONTANTE"": 30, ""Nº Fatura"": null, ""Fatura C/NIF"": ""Não"", ""Tipo Pagamento"": ""Dinheiro"", ""Pago"": ""Sim""}"
sededespesas,saida,Endesa Luz Sede Jan/Fev,2026-04-14,49.11,,True,Transferencia,True,Saidas315649,42,,"{""ITEM"": ""Endesa Luz Sede Jan/Fev"", ""DATA DE PAGAMENTO"": ""2026-04-14"", ""MONTANTE"": 49.11, ""Nº Fatura"": null, ""Fatura C/NIF"": ""Sim"", ""Tipo Pagamento"": ""Transferencia"", ""Pago"": ""Sim""}"
sededespesas,saida,FM Contablistas Mês 04/26,2026-04-08,178.35,,True,Transferencia,True,Saidas315649,43,,"{""ITEM"": ""FM Contablistas Mês 04/26"", ""DATA DE PAGAMENTO"": ""2026-04-08"", ""MONTANTE"": 178.35, ""Nº Fatura"": null, ""Fatura C/NIF"": ""Sim"", ""Tipo Pagamento"": ""Transferencia"", ""Pago"": ""Sim""}"
sededespesas,saida,Encargo Mensal,2026-04-08,18.45,,True,Transferencia,True,Saidas315649,44,,"{""ITEM"": ""Encargo Mensal"", ""DATA DE PAGAMENTO"": ""2026-04-08"", ""MONTANTE"": 18.45, ""Nº Fatura"": null, ""Fatura C/NIF"": ""Sim"", ""Tipo Pagamento"": ""Transferencia"", ""Pago"": ""Sim""}"
sededespesas,saida,Renda Mensal nTPAs,2026-04-08,30.75,,True,Transferencia,True,Saidas315649,45,,"{""ITEM"": ""Renda Mensal nTPAs"", ""DATA DE PAGAMENTO"": ""2026-04-08"", ""MONTANTE"": 30.75, ""Nº Fatura"": null, ""Fatura C/NIF"": ""Sim"", ""Tipo Pagamento"": ""Transferencia"", ""Pago"": ""Sim""}"
sededespesas,saida,Renda Mensal nTPAs,2026-04-08,30.75,,True,Transferencia,True,Saidas315649,46,,"{""ITEM"": ""Renda Mensal nTPAs"", ""DATA DE PAGAMENTO"": ""2026-04-08"", ""MONTANTE"": 30.75, ""Nº Fatura"": null, ""Fatura C/NIF"": ""Sim"", ""Tipo Pagamento"": ""Transferencia"", ""Pago"": ""Sim""}"
sededespesas,saida,Cartagua Março,2026-03-27,4.91,,True,Transferencia,True,Saidas315649,47,,"{""ITEM"": ""Cartagua Março"", ""DATA DE PAGAMENTO"": ""2026-03-27"", ""MONTANTE"": 4.91, ""Nº Fatura"": null, ""Fatura C/NIF"": ""Sim"", ""Tipo Pagamento"": ""Transferencia"", ""Pago"": ""Sim""}"
sededespesas,saida,Cartagua Abril,2026-04-27,116.26,,True,Transferencia,True,Saidas315649,48,,"{""ITEM"": ""Cartagua Abril"", ""DATA DE PAGAMENTO"": ""2026-04-27"", ""MONTANTE"": 116.26, ""Nº Fatura"": null, ""Fatura C/NIF"": ""Sim"", ""Tipo Pagamento"": ""Transferencia"", ""Pago"": ""Sim""}"
sededespesas,saida,Mensalidade Telemovel Q26 04/26,2026-04-29,10.0,,False,Dinheiro,True,Saidas315649,49,,"{""ITEM"": ""Mensalidade Telemovel Q26 04/26"", ""DATA DE PAGAMENTO"": ""2026-04-29"", ""MONTANTE"": 10, ""Nº Fatura"": null, ""Fatura C/NIF"": ""Não"", ""Tipo Pagamento"": ""Dinheiro"", ""Pago"": ""Sim""}"
sededespesas,saida,Cartagua Abril Casa da festa,2026-05-06,7.39,,True,Transferencia,True,Saidas315649,50,,"{""ITEM"": ""Cartagua Abril Casa da festa"", ""DATA DE PAGAMENTO"": ""2026-05-06"", ""MONTANTE"": 7.39, ""Nº Fatura"": null, ""Fatura C/NIF"": ""Sim"", ""Tipo Pagamento"": ""Transferencia"", ""Pago"": ""Sim""}"
sededespesas,saida,Cartagua atraso Casa da festa,2026-05-06,37.91,,False,Dinheiro,True,Saidas315649,51,,"{""ITEM"": ""Cartagua atraso Casa da festa"", ""DATA DE PAGAMENTO"": ""2026-05-06"", ""MONTANTE"": 37.91, ""Nº Fatura"": null, ""Fatura C/NIF"": ""Não"", ""Tipo Pagamento"": ""Dinheiro"", ""Pago"": ""Sim""}"
sededespesas,saida,FM Contablistas Mês 04/26,2026-05-07,178.35,,True,Transferencia,True,Saidas315649,52,,"{""ITEM"": ""FM Contablistas Mês 04/26"", ""DATA DE PAGAMENTO"": ""2026-05-07"", ""MONTANTE"": 178.35, ""Nº Fatura"": null, ""Fatura C/NIF"": ""Sim"", ""Tipo Pagamento"": ""Transferencia"", ""Pago"": ""Sim""}"
sededespesas,saida,Endesa Luz Sede Fev/Mar,2026-04-28,75.96,,True,Transferencia,True,Saidas315649,53,,"{""ITEM"": ""Endesa Luz Sede Fev/Mar"", ""DATA DE PAGAMENTO"": ""2026-04-28"", ""MONTANTE"": 75.96, ""Nº Fatura"": null, ""Fatura C/NIF"": ""Sim"", ""Tipo Pagamento"": ""Transferencia"", ""Pago"": ""Sim""}"
sededespesas,saida,DECLARAÇÃO PERIÓDICA DE IVA,2026-05-08,4.67,,True,Transferencia,True,Saidas315649,54,,"{""ITEM"": ""DECLARAÇÃO PERIÓDICA DE IVA"", ""DATA DE PAGAMENTO"": ""2026-05-08"", ""MONTANTE"": 4.67, ""Nº Fatura"": null, ""Fatura C/NIF"": ""Sim"", ""Tipo Pagamento"": ""Transferencia"", ""Pago"": ""Sim""}"
sededespesas,saida,Encargo Mensal,2026-05-08,18.45,,True,Transferencia,True,Saidas315649,55,,"{""ITEM"": ""Encargo Mensal"", ""DATA DE PAGAMENTO"": ""2026-05-08"", ""MONTANTE"": 18.45, ""Nº Fatura"": null, ""Fatura C/NIF"": ""Sim"", ""Tipo Pagamento"": ""Transferencia"", ""Pago"": ""Sim""}"
sededespesas,saida,Renda Mensal nTPAs,2026-05-08,30.75,,True,Transferencia,True,Saidas315649,56,,"{""ITEM"": ""Renda Mensal nTPAs"", ""DATA DE PAGAMENTO"": ""2026-05-08"", ""MONTANTE"": 30.75, ""Nº Fatura"": null, ""Fatura C/NIF"": ""Sim"", ""Tipo Pagamento"": ""Transferencia"", ""Pago"": ""Sim""}"
sededespesas,saida,Renda Mensal nTPAs,2026-05-08,30.75,,True,Transferencia,True,Saidas315649,57,,"{""ITEM"": ""Renda Mensal nTPAs"", ""DATA DE PAGAMENTO"": ""2026-05-08"", ""MONTANTE"": 30.75, ""Nº Fatura"": null, ""Fatura C/NIF"": ""Sim"", ""Tipo Pagamento"": ""Transferencia"", ""Pago"": ""Sim""}"
sededespesas,saida,Endesa Luz Sede Fev/Mar,2026-05-26,81.8,,True,Transferencia,True,Saidas315649,58,,"{""ITEM"": ""Endesa Luz Sede Fev/Mar"", ""DATA DE PAGAMENTO"": ""2026-05-26"", ""MONTANTE"": 81.8, ""Nº Fatura"": null, ""Fatura C/NIF"": ""Sim"", ""Tipo Pagamento"": ""Transferencia"", ""Pago"": ""Sim""}"
sededespesas,saida,Cartagua Maio Casa da festa,2026-05-27,7.39,,True,Transferencia,True,Saidas315649,59,,"{""ITEM"": ""Cartagua Maio Casa da festa"", ""DATA DE PAGAMENTO"": ""2026-05-27"", ""MONTANTE"": 7.39, ""Nº Fatura"": null, ""Fatura C/NIF"": ""Sim"", ""Tipo Pagamento"": ""Transferencia"", ""Pago"": ""Sim""}"
sededespesas,saida,Cartagua Maio Casa da festa,2026-05-27,24.65,,True,Transferencia,True,Saidas315649,60,,"{""ITEM"": ""Cartagua Maio Casa da festa"", ""DATA DE PAGAMENTO"": ""2026-05-27"", ""MONTANTE"": 24.65, ""Nº Fatura"": null, ""Fatura C/NIF"": ""Sim"", ""Tipo Pagamento"": ""Transferencia"", ""Pago"": ""Sim""}"
sededespesas,saida,IMI MAIO 2026,2026-06-01,304.76,,True,Transferencia,True,Saidas315649,61,,"{""ITEM"": ""IMI MAIO 2026"", ""DATA DE PAGAMENTO"": ""2026-06-01"", ""MONTANTE"": 304.76, ""Nº Fatura"": null, ""Fatura C/NIF"": ""Sim"", ""Tipo Pagamento"": ""Transferencia"", ""Pago"": ""Sim""}"
peditorio,entrada,"Café A Musica "" Tem de ser Depositado""",,50.0,,,,,Entradas2146358,18,,"{""ITEM"": ""Café A Musica \"" Tem de ser Depositado\"""", ""MONTANTE"": 50}"
peditorio,entrada,J.Lopes,,500.0,,,,,Entradas2146358,19,,"{""ITEM"": ""J.Lopes"", ""MONTANTE"": 500}"
peditorio,entrada,Mó 500€ Transferencia,,0.0,,,,,Entradas2146358,20,,"{""ITEM"": ""Mó 500€ Transferencia"", ""MONTANTE"": 0}"
peditorio,entrada,Patrocinios Ligia 03-06,,200.0,,,,,Entradas2146358,21,,"{""ITEM"": ""Patrocinios Ligia 03-06"", ""MONTANTE"": 200}"
donativospub,entrada,Daniel Martins (entregue ligia),,20.0,,,,,Entradas2146320,18,,"{""ITEM"": ""Daniel Martins (entregue ligia)"", ""MONTANTE"": 20}"
donativospub,entrada,Mãe Nuno Azevedo,,2.0,,,,,Entradas2146320,19,,"{""ITEM"": ""Mãe Nuno Azevedo"", ""MONTANTE"": 2}"
donativospub,entrada,Patrao mae ruben,,10.0,,,,,Entradas2146320,20,,"{""ITEM"": ""Patrao mae ruben"", ""MONTANTE"": 10}"
donativospub,entrada,João Guimarães,,1.98,,,,,Entradas2146320,21,,"{""ITEM"": ""João Guimarães"", ""MONTANTE"": 1.98}"
donativospub,entrada,"C.dia Pontevel Cedencia Sede""",,50.0,,,,,Entradas2146320,22,,"{""ITEM"": ""C.dia Pontevel Cedencia Sede\"""", ""MONTANTE"": 50}"
donativospub,entrada,"Paroquia Pontevel ""Cedencia Sede""",,50.0,,,,,Entradas2146320,23,,"{""ITEM"": ""Paroquia Pontevel \""Cedencia Sede\"""", ""MONTANTE"": 50}"
festatemp,saida,Blocos de Rifas,2026-05-31,50.0,,,,,Saidas3156475,18,,"{""ITEM"": ""Blocos de Rifas"", ""DATA DE PAGAMENTO"": ""2026-05-31"", ""MONTANTE"": 50, ""Nº Fatura"": null, ""Fatura C/NIF"": null, ""Tipo Pagamento"": null, ""Pago"": null}"
almajudasq25,entrada,Almoços 145 X15€,,2190.0,,,,,Entradas2146323,18,,"{""ITEM"": ""Almoços 145 X15€"", ""MONTANTE"": 2190}"
almajudasq25,saida,Louricake,2025-10-16,80.93,91334,True,,,Saidas3156424,18,,"{""ITEM"": ""Louricake"", ""DATA DE PAGAMENTO"": ""2025-10-16"", ""MONTANTE"": 80.93, ""Nº Fatura"": 91334, ""Fatura C/NIF"": ""Sim""}"
almajudasq25,saida,Pedro Néri,2025-10-19,24.38,2025/1598,True,,,Saidas3156424,19,,"{""ITEM"": ""Pedro Néri"", ""DATA DE PAGAMENTO"": ""2025-10-19"", ""MONTANTE"": 24.38, ""Nº Fatura"": ""2025/1598"", ""Fatura C/NIF"": ""Sim""}"
almajudasq25,saida,Recheio,2025-10-15,253.7,,False,,,Saidas3156424,20,,"{""ITEM"": ""Recheio"", ""DATA DE PAGAMENTO"": ""2025-10-15"", ""MONTANTE"": 253.7, ""Nº Fatura"": null, ""Fatura C/NIF"": ""Não""}"
almajudasq25,saida,Recheio,2025-10-18,155.59,,False,,,Saidas3156424,21,,"{""ITEM"": ""Recheio"", ""DATA DE PAGAMENTO"": ""2025-10-18"", ""MONTANTE"": 155.59, ""Nº Fatura"": null, ""Fatura C/NIF"": ""Não""}"
almajudasq25,saida,Mercearia / intermarche,2025-10-18,2.7,0E1A06125/49010,True,,,Saidas3156424,22,,"{""ITEM"": ""Mercearia / intermarche"", ""DATA DE PAGAMENTO"": ""2025-10-18"", ""MONTANTE"": 2.7, ""Nº Fatura"": ""0E1A06125/49010"", ""Fatura C/NIF"": ""Sim""}"
almajudasq25,saida,Mercearia / Continente,2025-10-16,9.9,AJD004/280181,True,,,Saidas3156424,23,,"{""ITEM"": ""Mercearia / Continente"", ""DATA DE PAGAMENTO"": ""2025-10-16"", ""MONTANTE"": 9.9, ""Nº Fatura"": ""AJD004/280181"", ""Fatura C/NIF"": ""Sim""}"
almajudasq25,saida,Talho / Mario Pascoal,2025-10-18,28.64,1#2501711479,True,,,Saidas3156424,24,,"{""ITEM"": ""Talho / Mario Pascoal"", ""DATA DE PAGAMENTO"": ""2025-10-18"", ""MONTANTE"": 28.64, ""Nº Fatura"": ""1#2501711479"", ""Fatura C/NIF"": ""Sim""}"
almajudasq25,saida,Mercearia / Sonho Invisivel,2025-10-18,1.51,0790903FS250102/00001699,True,,,Saidas3156424,25,,"{""ITEM"": ""Mercearia / Sonho Invisivel"", ""DATA DE PAGAMENTO"": ""2025-10-18"", ""MONTANTE"": 1.51, ""Nº Fatura"": ""0790903FS250102/00001699"", ""Fatura C/NIF"": ""Sim""}"
almajudasq25,saida,Pão / Hugo Canteiro,2025-10-18,20.0,001E/4920,True,,,Saidas3156424,26,,"{""ITEM"": ""Pão / Hugo Canteiro"", ""DATA DE PAGAMENTO"": ""2025-10-18"", ""MONTANTE"": 20, ""Nº Fatura"": ""001E/4920"", ""Fatura C/NIF"": ""Sim""}"
almajudasq25,saida,Cozinheira Horas 10h + 20€,,120.0,,False,,,Saidas3156424,27,,"{""ITEM"": ""Cozinheira Horas 10h + 20€"", ""DATA DE PAGAMENTO"": null, ""MONTANTE"": 120, ""Nº Fatura"": null, ""Fatura C/NIF"": ""Não""}"
almajudasq25,saida,Legumes trazidos pela ti cristina,,72.95,,False,,,Saidas3156424,28,,"{""ITEM"": ""Legumes trazidos pela ti cristina"", ""DATA DE PAGAMENTO"": null, ""MONTANTE"": 72.95, ""Nº Fatura"": null, ""Fatura C/NIF"": ""Não""}"
almajudasq25,saida,Mercearia / intermarche,2025-10-19,14.97,,True,,,Saidas3156424,29,,"{""ITEM"": ""Mercearia / intermarche"", ""DATA DE PAGAMENTO"": ""2025-10-19"", ""MONTANTE"": 14.97, ""Nº Fatura"": null, ""Fatura C/NIF"": ""Sim""}"
almajudasq25,saida,"ASDRUBAL MACHADO & FILHAS, LDA.",2025-10-17,47.7,2025/00218,True,,,Saidas3156424,30,,"{""ITEM"": ""ASDRUBAL MACHADO & FILHAS, LDA."", ""DATA DE PAGAMENTO"": ""2025-10-17"", ""MONTANTE"": 47.7, ""Nº Fatura"": ""2025/00218"", ""Fatura C/NIF"": ""Sim""}"
feira-dos-santos,entrada,1º Dia,,603.4,,,,,Entradas2146326,18,,"{""ITEM"": ""1º Dia"", ""MONTANTE"": 603.4}"
feira-dos-santos,entrada,2º Dia,,1426.7,,,,,Entradas2146326,19,,"{""ITEM"": ""2º Dia"", ""MONTANTE"": 1426.7}"
feira-dos-santos,entrada,3º dia,,3969.74,,,,,Entradas2146326,20,,"{""ITEM"": ""3º dia"", ""MONTANTE"": 3969.74}"
feira-dos-santos,entrada,4º Dia,,2721.19,,,,,Entradas2146326,21,,"{""ITEM"": ""4º Dia"", ""MONTANTE"": 2721.19}"
feira-dos-santos,saida,Louricake (bebidas),2025-10-24,1029.23,,True,,True,Saidas3156431,18,,"{""ITEM"": ""Louricake (bebidas)"", ""DATA DE PAGAMENTO"": ""2025-10-24"", ""MONTANTE"": 1029.23, ""Nº Fatura"": null, ""Fatura C/NIF"": ""Sim"", ""Pago"": ""Sim""}"
feira-dos-santos,saida,Novadis,2025-10-28,0.0,,True,,True,Saidas3156431,19,,"{""ITEM"": ""Novadis"", ""DATA DE PAGAMENTO"": ""2025-10-28"", ""MONTANTE"": 0, ""Nº Fatura"": null, ""Fatura C/NIF"": ""Sim"", ""Pago"": ""Sim""}"
feira-dos-santos,saida,Talho / Mario Pascoal,2025-11-06,1102.66,FT 1A2501/12299,True,,True,Saidas3156431,20,,"{""ITEM"": ""Talho / Mario Pascoal"", ""DATA DE PAGAMENTO"": ""2025-11-06"", ""MONTANTE"": 1102.66, ""Nº Fatura"": ""FT 1A2501/12299"", ""Fatura C/NIF"": ""Sim"", ""Pago"": ""Sim""}"
feira-dos-santos,saida,fm higiene,2025-10-28,64.86,,False,,True,Saidas3156431,21,,"{""ITEM"": ""fm higiene"", ""DATA DE PAGAMENTO"": ""2025-10-28"", ""MONTANTE"": 64.86, ""Nº Fatura"": null, ""Fatura C/NIF"": ""Não"", ""Pago"": ""Sim""}"
feira-dos-santos,saida,nuno reis silva,2025-10-29,135.42,,,,True,Saidas3156431,22,,"{""ITEM"": ""nuno reis silva"", ""DATA DE PAGAMENTO"": ""2025-10-29"", ""MONTANTE"": 135.42, ""Nº Fatura"": null, ""Fatura C/NIF"": null, ""Pago"": ""Sim""}"
feira-dos-santos,saida,nardoce,2025-10-30,185.0,,True,,True,Saidas3156431,23,,"{""ITEM"": ""nardoce"", ""DATA DE PAGAMENTO"": ""2025-10-30"", ""MONTANTE"": 185, ""Nº Fatura"": null, ""Fatura C/NIF"": ""Sim"", ""Pago"": ""Sim""}"
feira-dos-santos,saida,recheio,2025-10-29,194.03,,False,,True,Saidas3156431,24,,"{""ITEM"": ""recheio"", ""DATA DE PAGAMENTO"": ""2025-10-29"", ""MONTANTE"": 194.03, ""Nº Fatura"": null, ""Fatura C/NIF"": ""Não"", ""Pago"": ""Sim""}"
feira-dos-santos,saida,vinhos franco,2025-10-29,287.17,,True,,True,Saidas3156431,25,,"{""ITEM"": ""vinhos franco"", ""DATA DE PAGAMENTO"": ""2025-10-29"", ""MONTANTE"": 287.17, ""Nº Fatura"": null, ""Fatura C/NIF"": ""Sim"", ""Pago"": ""Sim""}"
feira-dos-santos,saida,supermercados,2025-11-01,12.1,,,,True,Saidas3156431,26,,"{""ITEM"": ""supermercados"", ""DATA DE PAGAMENTO"": ""2025-11-01"", ""MONTANTE"": 12.1, ""Nº Fatura"": null, ""Fatura C/NIF"": null, ""Pago"": ""Sim""}"
feira-dos-santos,saida,louricake extra,2025-10-30,131.07,,True,,True,Saidas3156431,27,,"{""ITEM"": ""louricake extra"", ""DATA DE PAGAMENTO"": ""2025-10-30"", ""MONTANTE"": 131.07, ""Nº Fatura"": null, ""Fatura C/NIF"": ""Sim"", ""Pago"": ""Sim""}"
feira-dos-santos,saida,ti cristina 15-21,2025-10-30,60.0,,False,,True,Saidas3156431,28,,"{""ITEM"": ""ti cristina 15-21"", ""DATA DE PAGAMENTO"": ""2025-10-30"", ""MONTANTE"": 60, ""Nº Fatura"": null, ""Fatura C/NIF"": ""Não"", ""Pago"": ""Sim""}"
feira-dos-santos,saida,ti cristina 10h,2025-10-31,100.0,,False,,True,Saidas3156431,29,,"{""ITEM"": ""ti cristina 10h"", ""DATA DE PAGAMENTO"": ""2025-10-31"", ""MONTANTE"": 100, ""Nº Fatura"": null, ""Fatura C/NIF"": ""Não"", ""Pago"": ""Sim""}"
feira-dos-santos,saida,ti cristina 9-15 + 16.30-23:30,2025-11-01,130.0,,False,,True,Saidas3156431,30,,"{""ITEM"": ""ti cristina 9-15 + 16.30-23:30"", ""DATA DE PAGAMENTO"": ""2025-11-01"", ""MONTANTE"": 130, ""Nº Fatura"": null, ""Fatura C/NIF"": ""Não"", ""Pago"": ""Sim""}"
feira-dos-santos,saida,ti cristina 9-20:00,2025-11-02,110.0,,False,,True,Saidas3156431,31,,"{""ITEM"": ""ti cristina 9-20:00"", ""DATA DE PAGAMENTO"": ""2025-11-02"", ""MONTANTE"": 110, ""Nº Fatura"": null, ""Fatura C/NIF"": ""Não"", ""Pago"": ""Sim""}"
feira-dos-santos,saida,legumes ti cristina,2025-11-07,125.5,,False,,True,Saidas3156431,32,,"{""ITEM"": ""legumes ti cristina"", ""DATA DE PAGAMENTO"": ""2025-11-07"", ""MONTANTE"": 125.5, ""Nº Fatura"": null, ""Fatura C/NIF"": ""Não"", ""Pago"": ""Sim""}"
feira-dos-santos,saida,Asdrubal dos Queijos,,66.77,,True,,True,Saidas3156431,33,,"{""ITEM"": ""Asdrubal dos Queijos"", ""DATA DE PAGAMENTO"": null, ""MONTANTE"": 66.77, ""Nº Fatura"": null, ""Fatura C/NIF"": ""Sim"", ""Pago"": ""Sim""}"
feira-dos-santos,saida,pao,2025-10-31,110.0,,True,,True,Saidas3156431,34,,"{""ITEM"": ""pao"", ""DATA DE PAGAMENTO"": ""2025-10-31"", ""MONTANTE"": 110, ""Nº Fatura"": null, ""Fatura C/NIF"": ""Sim"", ""Pago"": ""Sim""}"
feira-dos-santos,saida,ovos,2025-11-02,28.0,,False,,True,Saidas3156431,35,,"{""ITEM"": ""ovos"", ""DATA DE PAGAMENTO"": ""2025-11-02"", ""MONTANTE"": 28, ""Nº Fatura"": null, ""Fatura C/NIF"": ""Não"", ""Pago"": ""Sim""}"
feira-dos-santos,saida,intermarche,2025-11-02,11.2,,,,True,Saidas3156431,36,,"{""ITEM"": ""intermarche"", ""DATA DE PAGAMENTO"": ""2025-11-02"", ""MONTANTE"": 11.2, ""Nº Fatura"": null, ""Fatura C/NIF"": null, ""Pago"": ""Sim""}"
feira-dos-santos,saida,continente,2025-11-02,15.63,,,,True,Saidas3156431,37,,"{""ITEM"": ""continente"", ""DATA DE PAGAMENTO"": ""2025-11-02"", ""MONTANTE"": 15.63, ""Nº Fatura"": null, ""Fatura C/NIF"": null, ""Pago"": ""Sim""}"
feira-dos-santos,saida,barril imperial ateneu,2025-11-02,85.0,,False,,True,Saidas3156431,38,,"{""ITEM"": ""barril imperial ateneu"", ""DATA DE PAGAMENTO"": ""2025-11-02"", ""MONTANTE"": 85, ""Nº Fatura"": null, ""Fatura C/NIF"": ""Não"", ""Pago"": ""Sim""}"
sabores-outono,entrada,Rifas Vendidas,,1000.0,,,,,Entradas214,18,,"{""ITEM"": ""Rifas Vendidas"", ""MONTANTE"": 1000}"
sabores-outono,entrada,Almoços Pagos,,892.5,,,,,Entradas214,19,=345+487.5+60,"{""ITEM"": ""Almoços Pagos"", ""MONTANTE"": 892.5}"
sabores-outono,entrada,Almoços Pagos no dia,,2242.5,,,,,Entradas214,20,,"{""ITEM"": ""Almoços Pagos no dia"", ""MONTANTE"": 2242.5}"
sabores-outono,entrada,Bar Exp.,,194.11,,,,,Entradas214,21,,"{""ITEM"": ""Bar Exp."", ""MONTANTE"": 194.11}"
sabores-outono,saida,Carvão (compadre Pedro),2025-11-16,30.0,,False,,True,Saidas315,18,,"{""ITEM"": ""Carvão (compadre Pedro)"", ""DATA DE PAGAMENTO"": ""2025-11-16"", ""MONTANTE"": 30, ""Nº Fatura"": null, ""Fatura C/NIF"": ""Não"", ""Pago"": ""Sim""}"
sabores-outono,saida,Bloco Rifas 1000,,65.0,,False,,True,Saidas315,19,,"{""ITEM"": ""Bloco Rifas 1000"", ""DATA DE PAGAMENTO"": null, ""MONTANTE"": 65, ""Nº Fatura"": null, ""Fatura C/NIF"": ""Não"", ""Pago"": ""Sim""}"
sabores-outono,saida,Licença SPA,,60.0,,True,,True,Saidas315,20,,"{""ITEM"": ""Licença SPA"", ""DATA DE PAGAMENTO"": null, ""MONTANTE"": 60, ""Nº Fatura"": null, ""Fatura C/NIF"": ""Sim"", ""Pago"": ""Sim""}"
sabores-outono,saida,Licença Audiogest,,20.67,,True,,True,Saidas315,21,,"{""ITEM"": ""Licença Audiogest"", ""DATA DE PAGAMENTO"": null, ""MONTANTE"": 20.67, ""Nº Fatura"": null, ""Fatura C/NIF"": ""Sim"", ""Pago"": ""Sim""}"
sabores-outono,saida,Licença LER,,20.65,,True,,True,Saidas315,22,,"{""ITEM"": ""Licença LER"", ""DATA DE PAGAMENTO"": null, ""MONTANTE"": 20.65, ""Nº Fatura"": null, ""Fatura C/NIF"": ""Sim"", ""Pago"": ""Sim""}"
sabores-outono,saida,Azeite,,20.0,,False,,True,Saidas315,23,,"{""ITEM"": ""Azeite"", ""DATA DE PAGAMENTO"": null, ""MONTANTE"": 20, ""Nº Fatura"": null, ""Fatura C/NIF"": ""Não"", ""Pago"": ""Sim""}"
sabores-outono,saida,Agua Pé Vinhos Franco,2025-11-13,20.1,,True,,True,Saidas315,24,,"{""ITEM"": ""Agua Pé Vinhos Franco"", ""DATA DE PAGAMENTO"": ""2025-11-13"", ""MONTANTE"": 20.1, ""Nº Fatura"": null, ""Fatura C/NIF"": ""Sim"", ""Pago"": ""Sim""}"
sabores-outono,saida,Abafado Tonhão,2025-11-13,15.0,,False,,True,Saidas315,25,,"{""ITEM"": ""Abafado Tonhão"", ""DATA DE PAGAMENTO"": ""2025-11-13"", ""MONTANTE"": 15, ""Nº Fatura"": null, ""Fatura C/NIF"": ""Não"", ""Pago"": ""Sim""}"
sabores-outono,saida,"Nexo "" Castanhas""",2025-11-14,29.15,,True,,True,Saidas315,26,,"{""ITEM"": ""Nexo \"" Castanhas\"""", ""DATA DE PAGAMENTO"": ""2025-11-14"", ""MONTANTE"": 29.15, ""Nº Fatura"": null, ""Fatura C/NIF"": ""Sim"", ""Pago"": ""Sim""}"
sabores-outono,saida,"Louricke"" Descontado no Credito""",2025-11-14,0.0,,True,,True,Saidas315,27,,"{""ITEM"": ""Louricke\"" Descontado no Credito\"""", ""DATA DE PAGAMENTO"": ""2025-11-14"", ""MONTANTE"": 0, ""Nº Fatura"": null, ""Fatura C/NIF"": ""Sim"", ""Pago"": ""Sim""}"
sabores-outono,saida,Pao,2025-11-17,60.0,,True,,True,Saidas315,28,,"{""ITEM"": ""Pao"", ""DATA DE PAGAMENTO"": ""2025-11-17"", ""MONTANTE"": 60, ""Nº Fatura"": null, ""Fatura C/NIF"": ""Sim"", ""Pago"": ""Sim""}"
sabores-outono,saida,"Recheio "" FAT - 25204201/0000039096  """,2025-11-17,68.8,,False,,True,Saidas315,29,,"{""ITEM"": ""Recheio \"" FAT - 25204201/0000039096  \"""", ""DATA DE PAGAMENTO"": ""2025-11-17"", ""MONTANTE"": 68.8, ""Nº Fatura"": null, ""Fatura C/NIF"": ""Não"", ""Pago"": ""Sim""}"
sabores-outono,saida,Picles Gisela,2025-11-14,6.77,,True,,True,Saidas315,30,,"{""ITEM"": ""Picles Gisela"", ""DATA DE PAGAMENTO"": ""2025-11-14"", ""MONTANTE"": 6.77, ""Nº Fatura"": null, ""Fatura C/NIF"": ""Sim"", ""Pago"": ""Sim""}"
sabores-outono,saida,FM HIGIENE,2025-11-19,24.35,FAC 2025/5134,True,,True,Saidas315,31,,"{""ITEM"": ""FM HIGIENE"", ""DATA DE PAGAMENTO"": ""2025-11-19"", ""MONTANTE"": 24.35, ""Nº Fatura"": ""FAC 2025/5134"", ""Fatura C/NIF"": ""Sim"", ""Pago"": ""Sim""}"
sabores-outono,a_pagamento,JonaThan Paul - OFERTA,,0.0,,,,,APagamento416,18,,"{""ITEM"": ""JonaThan Paul - OFERTA"", ""MONTANTE"": 0}"
sabores-outono,a_pagamento,Barril Imperial Gasto 1,,0.0,,,,,APagamento416,19,,"{""ITEM"": ""Barril Imperial Gasto 1"", ""MONTANTE"": 0}"
arroz-doce-nov25,entrada,12c Pratos 28/11,,180.0,,,,,Entradas2146333,18,,"{""ITEM"": ""12c Pratos 28/11"", ""MONTANTE"": 180}"
arroz-doce-nov25,entrada,Arroz doce  29/11,,3276.0,,,,,Entradas2146333,19,,"{""ITEM"": ""Arroz doce  29/11"", ""MONTANTE"": 3276}"
arroz-doce-nov25,entrada,Arroz doce  30/11,,1185.4,,,,,Entradas2146333,20,,"{""ITEM"": ""Arroz doce  30/11"", ""MONTANTE"": 1185.4}"
arroz-doce-nov25,entrada,Arroz doce  01/12,,135.0,,,,,Entradas2146333,21,,"{""ITEM"": ""Arroz doce  01/12"", ""MONTANTE"": 135}"
arroz-doce-nov25,entrada,Bar Exp. 01/12,,46.0,,,,,Entradas2146333,22,,"{""ITEM"": ""Bar Exp. 01/12"", ""MONTANTE"": 46}"
arroz-doce-nov25,entrada,Bolos Secos Ligia,,11.0,,,,,Entradas2146333,23,,"{""ITEM"": ""Bolos Secos Ligia"", ""MONTANTE"": 11}"
arroz-doce-nov25,entrada,Cocos,,10.0,,,,,Entradas2146333,24,,"{""ITEM"": ""Cocos"", ""MONTANTE"": 10}"
arroz-doce-nov25,entrada,"Ligia """"",,50.0,,,,,Entradas2146333,25,,"{""ITEM"": ""Ligia \""\"""", ""MONTANTE"": 50}"
arroz-doce-nov25,entrada,Doces Extra,,130.0,,,,,Entradas2146333,26,,"{""ITEM"": ""Doces Extra"", ""MONTANTE"": 130}"
arroz-doce-nov25,saida,Pratos Cermicos Arroz Doce FTA / 1774,2025-11-22,1746.6,FTA / 1774,True,,True,Saidas3156434,18,,"{""ITEM"": ""Pratos Cermicos Arroz Doce FTA / 1774"", ""DATA DE PAGAMENTO"": ""2025-11-22"", ""MONTANTE"": 1746.6, ""Nº Fatura"": ""FTA / 1774"", ""Fatura C/NIF"": ""Sim"", ""Pago"": ""Sim""}"
arroz-doce-nov25,saida,Gasoleo LOLA,2025-11-22,57.86,,True,,True,Saidas3156434,19,,"{""ITEM"": ""Gasoleo LOLA"", ""DATA DE PAGAMENTO"": ""2025-11-22"", ""MONTANTE"": 57.86, ""Nº Fatura"": null, ""Fatura C/NIF"": ""Sim"", ""Pago"": ""Sim""}"
arroz-doce-nov25,saida,Portagens,2025-11-22,24.6,,False,,True,Saidas3156434,20,,"{""ITEM"": ""Portagens"", ""DATA DE PAGAMENTO"": ""2025-11-22"", ""MONTANTE"": 24.6, ""Nº Fatura"": null, ""Fatura C/NIF"": ""Não"", ""Pago"": ""Sim""}"
arroz-doce-nov25,saida,Recheio,2025-11-22,348.04,FAT 25204204/00000542101,False,,True,Saidas3156434,21,,"{""ITEM"": ""Recheio"", ""DATA DE PAGAMENTO"": ""2025-11-22"", ""MONTANTE"": 348.04, ""Nº Fatura"": ""FAT 25204204/00000542101"", ""Fatura C/NIF"": ""Não"", ""Pago"": ""Sim""}"
arroz-doce-nov25,saida,AviOvos,2025-11-26,82.68,FT 89SEDE25/3197,True,,True,Saidas3156434,22,,"{""ITEM"": ""AviOvos"", ""DATA DE PAGAMENTO"": ""2025-11-26"", ""MONTANTE"": 82.68, ""Nº Fatura"": ""FT 89SEDE25/3197"", ""Fatura C/NIF"": ""Sim"", ""Pago"": ""Sim""}"
arroz-doce-nov25,saida,Recheio,2025-11-26,121.04,FR 25204204/0000054699,False,,True,Saidas3156434,24,,"{""ITEM"": ""Recheio"", ""DATA DE PAGAMENTO"": ""2025-11-26"", ""MONTANTE"": 121.04, ""Nº Fatura"": ""FR 25204204/0000054699"", ""Fatura C/NIF"": ""Não"", ""Pago"": ""Sim""}"
arroz-doce-nov25,saida,Almoços Paula/Filha,2025-11-27,10.66,,False,,True,Saidas3156434,25,,"{""ITEM"": ""Almoços Paula/Filha"", ""DATA DE PAGAMENTO"": ""2025-11-27"", ""MONTANTE"": 10.66, ""Nº Fatura"": null, ""Fatura C/NIF"": ""Não"", ""Pago"": ""Sim""}"
arroz-doce-nov25,saida,Meu Super,2025-11-27,8.92,CVY002/495902,True,,True,Saidas3156434,26,,"{""ITEM"": ""Meu Super"", ""DATA DE PAGAMENTO"": ""2025-11-27"", ""MONTANTE"": 8.92, ""Nº Fatura"": ""CVY002/495902"", ""Fatura C/NIF"": ""Sim"", ""Pago"": ""Sim""}"
arroz-doce-nov25,saida,Agriloja Frascos/Tampas,2025-11-27,25.0,FS 00630032309200922/0829,True,,True,Saidas3156434,27,,"{""ITEM"": ""Agriloja Frascos/Tampas"", ""DATA DE PAGAMENTO"": ""2025-11-27"", ""MONTANTE"": 25, ""Nº Fatura"": ""FS 00630032309200922/0829"", ""Fatura C/NIF"": ""Sim"", ""Pago"": ""Sim""}"
arroz-doce-nov25,saida,Agriloja Frascos/Tampas,2025-11-27,37.5,FS 00630032309200922/0830,True,,True,Saidas3156434,28,,"{""ITEM"": ""Agriloja Frascos/Tampas"", ""DATA DE PAGAMENTO"": ""2025-11-27"", ""MONTANTE"": 37.5, ""Nº Fatura"": ""FS 00630032309200922/0830"", ""Fatura C/NIF"": ""Sim"", ""Pago"": ""Sim""}"
arroz-doce-nov25,saida,Farinha T65,2025-11-26,4.2,FT 3114A2502/771,True,,True,Saidas3156434,29,,"{""ITEM"": ""Farinha T65"", ""DATA DE PAGAMENTO"": ""2025-11-26"", ""MONTANTE"": 4.2, ""Nº Fatura"": ""FT 3114A2502/771"", ""Fatura C/NIF"": ""Sim"", ""Pago"": ""Sim""}"
arroz-doce-nov25,saida,Terreiro,2025-11-27,41.12,36414,True,,True,Saidas3156434,30,,"{""ITEM"": ""Terreiro"", ""DATA DE PAGAMENTO"": ""2025-11-27"", ""MONTANTE"": 41.12, ""Nº Fatura"": 36414, ""Fatura C/NIF"": ""Sim"", ""Pago"": ""Sim""}"
arroz-doce-nov25,saida,Almoços Paula/Filha,2025-11-27,20.0,FR A/9262,True,,True,Saidas3156434,31,,"{""ITEM"": ""Almoços Paula/Filha"", ""DATA DE PAGAMENTO"": ""2025-11-27"", ""MONTANTE"": 20, ""Nº Fatura"": ""FR A/9262"", ""Fatura C/NIF"": ""Sim"", ""Pago"": ""Sim""}"
arroz-doce-nov25,saida,Meu Super,2025-11-27,24.06,FS CYV002/495990,True,,True,Saidas3156434,32,,"{""ITEM"": ""Meu Super"", ""DATA DE PAGAMENTO"": ""2025-11-27"", ""MONTANTE"": 24.06, ""Nº Fatura"": ""FS CYV002/495990"", ""Fatura C/NIF"": ""Sim"", ""Pago"": ""Sim""}"
arroz-doce-nov25,saida,Continente Ovos / Farinha,2025-11-29,56.67,AJD007/297831,True,,True,Saidas3156434,33,,"{""ITEM"": ""Continente Ovos / Farinha"", ""DATA DE PAGAMENTO"": ""2025-11-29"", ""MONTANTE"": 56.67, ""Nº Fatura"": ""AJD007/297831"", ""Fatura C/NIF"": ""Sim"", ""Pago"": ""Sim""}"
arroz-doce-nov25,saida,Almoço Paula e Manuela,2025-11-29,17.48,,False,,True,Saidas3156434,34,,"{""ITEM"": ""Almoço Paula e Manuela"", ""DATA DE PAGAMENTO"": ""2025-11-29"", ""MONTANTE"": 17.48, ""Nº Fatura"": null, ""Fatura C/NIF"": ""Não"", ""Pago"": ""Sim""}"
arroz-doce-nov25,saida,Horta da Vila,2025-11-29,15.7,FT 1A2501/14931,True,,True,Saidas3156434,35,,"{""ITEM"": ""Horta da Vila"", ""DATA DE PAGAMENTO"": ""2025-11-29"", ""MONTANTE"": 15.7, ""Nº Fatura"": ""FT 1A2501/14931"", ""Fatura C/NIF"": ""Sim"", ""Pago"": ""Sim""}"
arroz-doce-nov25,saida,Meu Super \ Manteiga,2025-11-29,11.98,FS CYY002/496158,True,,True,Saidas3156434,36,,"{""ITEM"": ""Meu Super \\ Manteiga"", ""DATA DE PAGAMENTO"": ""2025-11-29"", ""MONTANTE"": 11.98, ""Nº Fatura"": ""FS CYY002/496158"", ""Fatura C/NIF"": ""Sim"", ""Pago"": ""Sim""}"
noite-de-fados,entrada,Jantares,,2250.0,,,,,Entradas2146336,18,,"{""ITEM"": ""Jantares"", ""MONTANTE"": 2250}"
noite-de-fados,entrada,Bar,,49.0,,,,,Entradas2146336,19,,"{""ITEM"": ""Bar"", ""MONTANTE"": 49}"
noite-de-fados,saida,SPAutores,2025-11-18,60.0,,True,,True,Saidas3156437,18,,"{""ITEM"": ""SPAutores"", ""DATA DE PAGAMENTO"": ""2025-11-18"", ""MONTANTE"": 60, ""Nº Fatura"": null, ""Fatura C/NIF"": ""Sim"", ""Pago"": ""Sim""}"
noite-de-fados,saida,Ti Cristina Batatas/Favas,2025-11-20,57.5,FT1A2501/13180,False,,True,Saidas3156437,19,,"{""ITEM"": ""Ti Cristina Batatas/Favas"", ""DATA DE PAGAMENTO"": ""2025-11-20"", ""MONTANTE"": 57.5, ""Nº Fatura"": ""FT1A2501/13180"", ""Fatura C/NIF"": ""Não"", ""Pago"": ""Sim""}"
noite-de-fados,saida,"AudioGeste "" AL2025012880 """,2025-11-21,20.67,AL2025012880,True,,True,Saidas3156437,20,,"{""ITEM"": ""AudioGeste \"" AL2025012880 \"""", ""DATA DE PAGAMENTO"": ""2025-11-21"", ""MONTANTE"": 20.67, ""Nº Fatura"": ""AL2025012880"", ""Fatura C/NIF"": ""Sim"", ""Pago"": ""Sim""}"
noite-de-fados,saida,FM Higiene,2025-11-27,17.71,FAC 2025/5265,True,,True,Saidas3156437,21,,"{""ITEM"": ""FM Higiene"", ""DATA DE PAGAMENTO"": ""2025-11-27"", ""MONTANTE"": 17.71, ""Nº Fatura"": ""FAC 2025/5265"", ""Fatura C/NIF"": ""Sim"", ""Pago"": ""Sim""}"
noite-de-fados,saida,CMC Licença ruido,2025-12-02,20.65,"FAT- 25,010/5342",True,,True,Saidas3156437,22,,"{""ITEM"": ""CMC Licença ruido"", ""DATA DE PAGAMENTO"": ""2025-12-02"", ""MONTANTE"": 20.65, ""Nº Fatura"": ""FAT- 25,010/5342"", ""Fatura C/NIF"": ""Sim"", ""Pago"": ""Sim""}"
noite-de-fados,saida,Nardoce,2025-12-04,99.53,FT 1/2363,True,,True,Saidas3156437,23,,"{""ITEM"": ""Nardoce"", ""DATA DE PAGAMENTO"": ""2025-12-04"", ""MONTANTE"": 99.53, ""Nº Fatura"": ""FT 1/2363"", ""Fatura C/NIF"": ""Sim"", ""Pago"": ""Sim""}"
noite-de-fados,saida,"Companhia da Serra Carnes ""Regoes""",2025-12-04,165.36,90 0/2022133442,True,,True,Saidas3156437,24,,"{""ITEM"": ""Companhia da Serra Carnes \""Regoes\"""", ""DATA DE PAGAMENTO"": ""2025-12-04"", ""MONTANTE"": 165.36, ""Nº Fatura"": ""90 0/2022133442"", ""Fatura C/NIF"": ""Sim"", ""Pago"": ""Sim""}"
noite-de-fados,saida,"Companhia da Serra Carnes ""Regoes""",2025-12-04,21.06,90 0/2022133525,True,,True,Saidas3156437,25,,"{""ITEM"": ""Companhia da Serra Carnes \""Regoes\"""", ""DATA DE PAGAMENTO"": ""2025-12-04"", ""MONTANTE"": 21.06, ""Nº Fatura"": ""90 0/2022133525"", ""Fatura C/NIF"": ""Sim"", ""Pago"": ""Sim""}"
noite-de-fados,saida,LouriCake,2025-12-05,0.0,FAC D0/94288,True,,True,Saidas3156437,26,,"{""ITEM"": ""LouriCake"", ""DATA DE PAGAMENTO"": ""2025-12-05"", ""MONTANTE"": 0, ""Nº Fatura"": ""FAC D0/94288"", ""Fatura C/NIF"": ""Sim"", ""Pago"": ""Sim""}"
noite-de-fados,saida,FM Higiene,2025-12-05,17.53,FAC 2025/5420,True,,True,Saidas3156437,27,,"{""ITEM"": ""FM Higiene"", ""DATA DE PAGAMENTO"": ""2025-12-05"", ""MONTANTE"": 17.53, ""Nº Fatura"": ""FAC 2025/5420"", ""Fatura C/NIF"": ""Sim"", ""Pago"": ""Sim""}"
noite-de-fados,saida,Brico / Eletricidade,2025-12-05,65.02,27F802125/5338,True,,True,Saidas3156437,28,,"{""ITEM"": ""Brico / Eletricidade"", ""DATA DE PAGAMENTO"": ""2025-12-05"", ""MONTANTE"": 65.02, ""Nº Fatura"": ""27F802125/5338"", ""Fatura C/NIF"": ""Sim"", ""Pago"": ""Sim""}"
noite-de-fados,saida,Andreia Machado Fadista,2025-12-05,50.0,,False,,True,Saidas3156437,29,,"{""ITEM"": ""Andreia Machado Fadista"", ""DATA DE PAGAMENTO"": ""2025-12-05"", ""MONTANTE"": 50, ""Nº Fatura"": null, ""Fatura C/NIF"": ""Não"", ""Pago"": ""Sim""}"
noite-de-fados,saida,Helder Lopes Fadista,2025-12-05,100.0,,False,,True,Saidas3156437,30,,"{""ITEM"": ""Helder Lopes Fadista"", ""DATA DE PAGAMENTO"": ""2025-12-05"", ""MONTANTE"": 100, ""Nº Fatura"": null, ""Fatura C/NIF"": ""Não"", ""Pago"": ""Sim""}"
noite-de-fados,saida,Tiago Vicente  Fadista,2025-12-05,80.0,,False,,True,Saidas3156437,31,,"{""ITEM"": ""Tiago Vicente  Fadista"", ""DATA DE PAGAMENTO"": ""2025-12-05"", ""MONTANTE"": 80, ""Nº Fatura"": null, ""Fatura C/NIF"": ""Não"", ""Pago"": ""Sim""}"
noite-de-fados,saida,Recheio,2025-12-05,211.92,FR 25204204/0000056308,True,,True,Saidas3156437,32,,"{""ITEM"": ""Recheio"", ""DATA DE PAGAMENTO"": ""2025-12-05"", ""MONTANTE"": 211.92, ""Nº Fatura"": ""FR 25204204/0000056308"", ""Fatura C/NIF"": ""Sim"", ""Pago"": ""Sim""}"
noite-de-fados,saida,Asdrubal Queijos,2025-12-05,118.3,2025/00408,True,,True,Saidas3156437,33,,"{""ITEM"": ""Asdrubal Queijos"", ""DATA DE PAGAMENTO"": ""2025-12-05"", ""MONTANTE"": 118.3, ""Nº Fatura"": ""2025/00408"", ""Fatura C/NIF"": ""Sim"", ""Pago"": ""Sim""}"
noite-de-fados,saida,"Mini Mercado Cristina ""peixe""",2025-12-05,60.0,1A2501/13880,True,,True,Saidas3156437,34,,"{""ITEM"": ""Mini Mercado Cristina \""peixe\"""", ""DATA DE PAGAMENTO"": ""2025-12-05"", ""MONTANTE"": 60, ""Nº Fatura"": ""1A2501/13880"", ""Fatura C/NIF"": ""Sim"", ""Pago"": ""Sim""}"
noite-de-fados,saida,Vinhos Franco,2025-12-05,87.87,FT 2025/142,True,,True,Saidas3156437,35,,"{""ITEM"": ""Vinhos Franco"", ""DATA DE PAGAMENTO"": ""2025-12-05"", ""MONTANTE"": 87.87, ""Nº Fatura"": ""FT 2025/142"", ""Fatura C/NIF"": ""Sim"", ""Pago"": ""Sim""}"
noite-de-fados,saida,Horta da Vila Legumes,2025-12-05,,,False,,False,Saidas3156437,36,,"{""ITEM"": ""Horta da Vila Legumes"", ""DATA DE PAGAMENTO"": ""2025-12-05"", ""MONTANTE"": null, ""Nº Fatura"": null, ""Fatura C/NIF"": ""Não"", ""Pago"": ""Não""}"
noite-de-fados,saida,Massa de Pimentoa Daniela,2025-12-05,8.5,3114A2502/19469,False,,True,Saidas3156437,37,,"{""ITEM"": ""Massa de Pimentoa Daniela"", ""DATA DE PAGAMENTO"": ""2025-12-05"", ""MONTANTE"": 8.5, ""Nº Fatura"": ""3114A2502/19469"", ""Fatura C/NIF"": ""Não"", ""Pago"": ""Sim""}"
noite-de-fados,saida,Xines,2025-12-06,1.6,FT R201/00000812,True,,True,Saidas3156437,38,,"{""ITEM"": ""Xines"", ""DATA DE PAGAMENTO"": ""2025-12-06"", ""MONTANTE"": 1.6, ""Nº Fatura"": ""FT R201/00000812"", ""Fatura C/NIF"": ""Sim"", ""Pago"": ""Sim""}"
noite-de-fados,saida,Talho Duarte,2025-12-06,140.98,2A2501/11908,True,,True,Saidas3156437,39,,"{""ITEM"": ""Talho Duarte"", ""DATA DE PAGAMENTO"": ""2025-12-06"", ""MONTANTE"": 140.98, ""Nº Fatura"": ""2A2501/11908"", ""Fatura C/NIF"": ""Sim"", ""Pago"": ""Sim""}"
noite-de-fados,saida,Cafe Inter,2025-12-06,19.74,0E1A08125/158965,True,,True,Saidas3156437,40,,"{""ITEM"": ""Cafe Inter"", ""DATA DE PAGAMENTO"": ""2025-12-06"", ""MONTANTE"": 19.74, ""Nº Fatura"": ""0E1A08125/158965"", ""Fatura C/NIF"": ""Sim"", ""Pago"": ""Sim""}"
noite-de-fados,saida,Tia Cristina / cozinheiras,2025-12-06,100.0,,False,,True,Saidas3156437,41,,"{""ITEM"": ""Tia Cristina / cozinheiras"", ""DATA DE PAGAMENTO"": ""2025-12-06"", ""MONTANTE"": 100, ""Nº Fatura"": null, ""Fatura C/NIF"": ""Não"", ""Pago"": ""Sim""}"
noite-de-fados,a_pagamento,Nota credito,,,,,,,APagamento4166538,27,,"{""Info"": ""Nota credito"", ""MONTANTE"": null}"
noite-de-fados,a_pagamento,Mais dois bilhetes par a festa,,,,,,,APagamento4166538,31,,"{""Info"": ""Mais dois bilhetes par a festa"", ""MONTANTE"": null}"
noite-de-fados,a_pagamento,Donativo de 30€,,,,,,,APagamento4166538,42,,"{""Info"": ""Donativo de 30€"", ""MONTANTE"": null}"
gdp,entrada,Jantares,,1825.0,,,,,Entradas2146339,18,,"{""ITEM"": ""Jantares"", ""MONTANTE"": 1825}"
gdp,entrada,Bar,,145.0,,,,,Entradas2146339,19,,"{""ITEM"": ""Bar"", ""MONTANTE"": 145}"
gdp,saida,CMC Licença ruido,2025-12-02,20.65,"FAT- 25,010/5342",True,,True,Saidas3156440,18,,"{""ITEM"": ""CMC Licença ruido"", ""DATA DE PAGAMENTO"": ""2025-12-02"", ""MONTANTE"": 20.65, ""Nº Fatura"": ""FAT- 25,010/5342"", ""Fatura C/NIF"": ""Sim"", ""Pago"": ""Sim""}"
gdp,saida,"Companhia da Serra Carnes ""Regoes""",2025-12-04,189.34,90 0/2022133442,True,,True,Saidas3156440,19,,"{""ITEM"": ""Companhia da Serra Carnes \""Regoes\"""", ""DATA DE PAGAMENTO"": ""2025-12-04"", ""MONTANTE"": 189.34, ""Nº Fatura"": ""90 0/2022133442"", ""Fatura C/NIF"": ""Sim"", ""Pago"": ""Sim""}"
gdp,saida,InterMache Martinis,2025-12-07,33.97,0E1A07125/22904,True,,True,Saidas3156440,20,,"{""ITEM"": ""InterMache Martinis"", ""DATA DE PAGAMENTO"": ""2025-12-07"", ""MONTANTE"": 33.97, ""Nº Fatura"": ""0E1A07125/22904"", ""Fatura C/NIF"": ""Sim"", ""Pago"": ""Sim""}"
gdp,saida,Continnte Merciarias,2025-12-07,19.96,AJD001/420637,True,,True,Saidas3156440,21,,"{""ITEM"": ""Continnte Merciarias"", ""DATA DE PAGAMENTO"": ""2025-12-07"", ""MONTANTE"": 19.96, ""Nº Fatura"": ""AJD001/420637"", ""Fatura C/NIF"": ""Sim"", ""Pago"": ""Sim""}"
gdp,saida,Xines GIZ,2025-12-07,6.1,FT R201/00000814,True,,True,Saidas3156440,22,,"{""ITEM"": ""Xines GIZ"", ""DATA DE PAGAMENTO"": ""2025-12-07"", ""MONTANTE"": 6.1, ""Nº Fatura"": ""FT R201/00000814"", ""Fatura C/NIF"": ""Sim"", ""Pago"": ""Sim""}"
gdp,saida,Continnte Merciarias,2025-12-07,23.31,,True,,True,Saidas3156440,23,,"{""ITEM"": ""Continnte Merciarias"", ""DATA DE PAGAMENTO"": ""2025-12-07"", ""MONTANTE"": 23.31, ""Nº Fatura"": null, ""Fatura C/NIF"": ""Sim"", ""Pago"": ""Sim""}"
gdp,saida,Ti Critina,2025-12-07,100.0,,False,,True,Saidas3156440,24,,"{""ITEM"": ""Ti Critina"", ""DATA DE PAGAMENTO"": ""2025-12-07"", ""MONTANTE"": 100, ""Nº Fatura"": null, ""Fatura C/NIF"": ""Não"", ""Pago"": ""Sim""}"
jantar-prof,entrada,54 Jantares,,1350.0,,,,,Entradas2146349,18,,"{""ITEM"": ""54 Jantares"", ""MONTANTE"": 1350}"
jantar-prof,saida,Loricake,2025-12-13,0.0,N° FAC D0/94811,True,Dinheiro,True,Saidas3156450,18,,"{""ITEM"": ""Loricake"", ""DATA DE PAGAMENTO"": ""2025-12-13"", ""MONTANTE"": 0, ""Nº Fatura"": ""N° FAC D0/94811"", ""Fatura C/NIF"": ""Sim"", ""Tipo Pagamento"": ""Dinheiro"", ""Pago"": ""Sim""}"
jantar-prof,saida,Nuno Reis Bacalhau,2025-12-16,307.4,1 2500/002457,True,Transferencia,True,Saidas3156450,19,,"{""ITEM"": ""Nuno Reis Bacalhau"", ""DATA DE PAGAMENTO"": ""2025-12-16"", ""MONTANTE"": 307.4, ""Nº Fatura"": ""1 2500/002457"", ""Fatura C/NIF"": ""Sim"", ""Tipo Pagamento"": ""Transferencia"", ""Pago"": ""Sim""}"
jantar-prof,saida,Asdrubal Azeitonas/Picles,2025-12-16,31.37,2025/00426,True,Transferencia,True,Saidas3156450,20,,"{""ITEM"": ""Asdrubal Azeitonas/Picles"", ""DATA DE PAGAMENTO"": ""2025-12-16"", ""MONTANTE"": 31.37, ""Nº Fatura"": ""2025/00426"", ""Fatura C/NIF"": ""Sim"", ""Tipo Pagamento"": ""Transferencia"", ""Pago"": ""Sim""}"
jantar-prof,saida,Maria São Vital Unipessoal,2025-12-18,30.0,311442502/20197,False,Dinheiro,True,Saidas3156450,21,,"{""ITEM"": ""Maria São Vital Unipessoal"", ""DATA DE PAGAMENTO"": ""2025-12-18"", ""MONTANTE"": 30, ""Nº Fatura"": ""311442502/20197"", ""Fatura C/NIF"": ""Não"", ""Tipo Pagamento"": ""Dinheiro"", ""Pago"": ""Sim""}"
jantar-prof,saida,MiniMercado Cristina / Peixe,2025-12-16,40.0,1A2501/14404,True,Dinheiro,True,Saidas3156450,22,,"{""ITEM"": ""MiniMercado Cristina / Peixe"", ""DATA DE PAGAMENTO"": ""2025-12-16"", ""MONTANTE"": 40, ""Nº Fatura"": ""1A2501/14404"", ""Fatura C/NIF"": ""Sim"", ""Tipo Pagamento"": ""Dinheiro"", ""Pago"": ""Sim""}"
jantar-prof,saida,FM HIGIENE,2025-12-18,35.06,FAC 2025/5649,True,Transferencia,True,Saidas3156450,23,,"{""ITEM"": ""FM HIGIENE"", ""DATA DE PAGAMENTO"": ""2025-12-18"", ""MONTANTE"": 35.06, ""Nº Fatura"": ""FAC 2025/5649"", ""Fatura C/NIF"": ""Sim"", ""Tipo Pagamento"": ""Transferencia"", ""Pago"": ""Sim""}"
jantar-prof,saida,Ti Cristina,2025-12-18,70.0,,False,Dinheiro,True,Saidas3156450,24,,"{""ITEM"": ""Ti Cristina"", ""DATA DE PAGAMENTO"": ""2025-12-18"", ""MONTANTE"": 70, ""Nº Fatura"": null, ""Fatura C/NIF"": ""Não"", ""Tipo Pagamento"": ""Dinheiro"", ""Pago"": ""Sim""}"
jantar-prof,saida,Recheio,2025-12-18,35.56,25204204/0000059053,False,Dinheiro,True,Saidas3156450,25,,"{""ITEM"": ""Recheio"", ""DATA DE PAGAMENTO"": ""2025-12-18"", ""MONTANTE"": 35.56, ""Nº Fatura"": ""25204204/0000059053"", ""Fatura C/NIF"": ""Não"", ""Tipo Pagamento"": ""Dinheiro"", ""Pago"": ""Sim""}"
pda,entrada,PDA Jantares,,7357.5,,,,,Entradas2146346,18,,"{""ITEM"": ""PDA Jantares"", ""MONTANTE"": 7357.5}"
pda,entrada,Bar,,334.4,,,,,Entradas2146346,19,,"{""ITEM"": ""Bar"", ""MONTANTE"": 334.4}"
pda,saida,LouriCake,2025-12-22,0.0,FAC D0/95331,True,Dinheiro,True,Saidas3156447,18,,"{""ITEM"": ""LouriCake"", ""DATA DE PAGAMENTO"": ""2025-12-22"", ""MONTANTE"": 0, ""Nº Fatura"": ""FAC D0/95331"", ""Fatura C/NIF"": ""Sim"", ""Tipo Pagamento"": ""Dinheiro"", ""Pago"": ""Sim""}"
pda,saida,Asdrubal Queijos,2025-12-30,83.86,,True,Transferencia,True,Saidas3156447,19,,"{""ITEM"": ""Asdrubal Queijos"", ""DATA DE PAGAMENTO"": ""2025-12-30"", ""MONTANTE"": 83.86, ""Nº Fatura"": null, ""Fatura C/NIF"": ""Sim"", ""Tipo Pagamento"": ""Transferencia"", ""Pago"": ""Sim""}"
pda,saida,Vinhos franco,2025-06-01,87.01,FT 2026/2,True,Transferencia,True,Saidas3156447,20,,"{""ITEM"": ""Vinhos franco"", ""DATA DE PAGAMENTO"": ""2025-06-01"", ""MONTANTE"": 87.01, ""Nº Fatura"": ""FT 2026/2"", ""Fatura C/NIF"": ""Sim"", ""Tipo Pagamento"": ""Transferencia"", ""Pago"": ""Sim""}"
pda,saida,Leroy / Conector agua,2025-12-29,4.19,20250181002/053412,False,Dinheiro,True,Saidas3156447,21,,"{""ITEM"": ""Leroy / Conector agua"", ""DATA DE PAGAMENTO"": ""2025-12-29"", ""MONTANTE"": 4.19, ""Nº Fatura"": ""20250181002/053412"", ""Fatura C/NIF"": ""Não"", ""Tipo Pagamento"": ""Dinheiro"", ""Pago"": ""Sim""}"
pda,saida,Mercadona / Bebidas,2025-12-27,12.8,70460162025001/122295,True,Dinheiro,True,Saidas3156447,22,,"{""ITEM"": ""Mercadona / Bebidas"", ""DATA DE PAGAMENTO"": ""2025-12-27"", ""MONTANTE"": 12.8, ""Nº Fatura"": ""70460162025001/122295"", ""Fatura C/NIF"": ""Sim"", ""Tipo Pagamento"": ""Dinheiro"", ""Pago"": ""Sim""}"
pda,saida,IntermaeChe / Café,2025-12-31,15.98,0F1A08125/169663,True,C. Q26,True,Saidas3156447,23,,"{""ITEM"": ""IntermaeChe / Café"", ""DATA DE PAGAMENTO"": ""2025-12-31"", ""MONTANTE"": 15.98, ""Nº Fatura"": ""0F1A08125/169663"", ""Fatura C/NIF"": ""Sim"", ""Tipo Pagamento"": ""C. Q26"", ""Pago"": ""Sim""}"
pda,saida,Licença LER,2025-12-17,20.65,FAT. 25.010/5715,True,Transferencia,True,Saidas3156447,24,,"{""ITEM"": ""Licença LER"", ""DATA DE PAGAMENTO"": ""2025-12-17"", ""MONTANTE"": 20.65, ""Nº Fatura"": ""FAT. 25.010/5715"", ""Fatura C/NIF"": ""Sim"", ""Tipo Pagamento"": ""Transferencia"", ""Pago"": ""Sim""}"
pda,saida,Licença Audio Gest,2025-12-18,20.67,AL2025023778,True,Transferencia,True,Saidas3156447,25,,"{""ITEM"": ""Licença Audio Gest"", ""DATA DE PAGAMENTO"": ""2025-12-18"", ""MONTANTE"": 20.67, ""Nº Fatura"": ""AL2025023778"", ""Fatura C/NIF"": ""Sim"", ""Tipo Pagamento"": ""Transferencia"", ""Pago"": ""Sim""}"
pda,saida,Continente / Mercearia,2025-12-25,22.34,AIG126/557062,True,C. Q26,True,Saidas3156447,26,,"{""ITEM"": ""Continente / Mercearia"", ""DATA DE PAGAMENTO"": ""2025-12-25"", ""MONTANTE"": 22.34, ""Nº Fatura"": ""AIG126/557062"", ""Fatura C/NIF"": ""Sim"", ""Tipo Pagamento"": ""C. Q26"", ""Pago"": ""Sim""}"
pda,saida,Lidl / Merceria,2025-12-31,26.16,054500625/162362,True,C. Q26,True,Saidas3156447,27,,"{""ITEM"": ""Lidl / Merceria"", ""DATA DE PAGAMENTO"": ""2025-12-31"", ""MONTANTE"": 26.16, ""Nº Fatura"": ""054500625/162362"", ""Fatura C/NIF"": ""Sim"", ""Tipo Pagamento"": ""C. Q26"", ""Pago"": ""Sim""}"
pda,saida,Dormida Jonathan,2025-12-31,27.5,,False,Dinheiro,True,Saidas3156447,28,,"{""ITEM"": ""Dormida Jonathan"", ""DATA DE PAGAMENTO"": ""2025-12-31"", ""MONTANTE"": 27.5, ""Nº Fatura"": null, ""Fatura C/NIF"": ""Não"", ""Tipo Pagamento"": ""Dinheiro"", ""Pago"": ""Sim""}"
pda,saida,Redutor Propano,2025-12-27,29.96,FT01/6886,,Transferencia,True,Saidas3156447,29,,"{""ITEM"": ""Redutor Propano"", ""DATA DE PAGAMENTO"": ""2025-12-27"", ""MONTANTE"": 29.96, ""Nº Fatura"": ""FT01/6886"", ""Fatura C/NIF"": null, ""Tipo Pagamento"": ""Transferencia"", ""Pago"": ""Sim""}"
pda,saida,Maria Vital / Mercearia,2025-12-30,31.0,3114A2502/835,True,Dinheiro,True,Saidas3156447,30,,"{""ITEM"": ""Maria Vital / Mercearia"", ""DATA DE PAGAMENTO"": ""2025-12-30"", ""MONTANTE"": 31, ""Nº Fatura"": ""3114A2502/835"", ""Fatura C/NIF"": ""Sim"", ""Tipo Pagamento"": ""Dinheiro"", ""Pago"": ""Sim""}"
pda,saida,FM Higiene,2025-12-30,35.42,2025/5862,True,Transferencia,True,Saidas3156447,31,,"{""ITEM"": ""FM Higiene"", ""DATA DE PAGAMENTO"": ""2025-12-30"", ""MONTANTE"": 35.42, ""Nº Fatura"": ""2025/5862"", ""Fatura C/NIF"": ""Sim"", ""Tipo Pagamento"": ""Transferencia"", ""Pago"": ""Sim""}"
pda,saida,Consumiveis / BIG CARTSHOP,2025-12-28,36.28,FAC A/2025108915,True,Dinheiro,True,Saidas3156447,32,,"{""ITEM"": ""Consumiveis / BIG CARTSHOP"", ""DATA DE PAGAMENTO"": ""2025-12-28"", ""MONTANTE"": 36.28, ""Nº Fatura"": ""FAC A/2025108915"", ""Fatura C/NIF"": ""Sim"", ""Tipo Pagamento"": ""Dinheiro"", ""Pago"": ""Sim""}"
pda,saida,IntermaeChe / Café Velhas,2025-12-25,42.59,FS 0E1A06125/61076,True,C. Q26,True,Saidas3156447,33,,"{""ITEM"": ""IntermaeChe / Café Velhas"", ""DATA DE PAGAMENTO"": ""2025-12-25"", ""MONTANTE"": 42.59, ""Nº Fatura"": ""FS 0E1A06125/61076"", ""Fatura C/NIF"": ""Sim"", ""Tipo Pagamento"": ""C. Q26"", ""Pago"": ""Sim""}"
pda,saida,"Consumiveis / Brico Marche ""Paus Vinha""",2025-12-27,46.74,27F802125/6974,False,Dinheiro,True,Saidas3156447,34,,"{""ITEM"": ""Consumiveis / Brico Marche \""Paus Vinha\"""", ""DATA DE PAGAMENTO"": ""2025-12-27"", ""MONTANTE"": 46.74, ""Nº Fatura"": ""27F802125/6974"", ""Fatura C/NIF"": ""Não"", ""Tipo Pagamento"": ""Dinheiro"", ""Pago"": ""Sim""}"
pda,saida,Adega Cooperativa CTX,2025-12-31,65.24,FS FS.2025/1737,False,Dinheiro,True,Saidas3156447,35,,"{""ITEM"": ""Adega Cooperativa CTX"", ""DATA DE PAGAMENTO"": ""2025-12-31"", ""MONTANTE"": 65.24, ""Nº Fatura"": ""FS FS.2025/1737"", ""Fatura C/NIF"": ""Não"", ""Tipo Pagamento"": ""Dinheiro"", ""Pago"": ""Sim""}"
pda,saida,Mini Mercado Ti Cristina,2025-12-30,87.0,1A2501/15067,True,Dinheiro,True,Saidas3156447,36,,"{""ITEM"": ""Mini Mercado Ti Cristina"", ""DATA DE PAGAMENTO"": ""2025-12-30"", ""MONTANTE"": 87, ""Nº Fatura"": ""1A2501/15067"", ""Fatura C/NIF"": ""Sim"", ""Tipo Pagamento"": ""Dinheiro"", ""Pago"": ""Sim""}"
pda,saida,Ti Cristina 10 horas,2026-01-04,100.0,,False,Dinheiro,True,Saidas3156447,37,,"{""ITEM"": ""Ti Cristina 10 horas"", ""DATA DE PAGAMENTO"": ""2026-01-04"", ""MONTANTE"": 100, ""Nº Fatura"": null, ""Fatura C/NIF"": ""Não"", ""Tipo Pagamento"": ""Dinheiro"", ""Pago"": ""Sim""}"
pda,saida,Licença SPAutores,2025-12-17,120.0,,True,Dinheiro,True,Saidas3156447,38,,"{""ITEM"": ""Licença SPAutores"", ""DATA DE PAGAMENTO"": ""2025-12-17"", ""MONTANTE"": 120, ""Nº Fatura"": null, ""Fatura C/NIF"": ""Sim"", ""Tipo Pagamento"": ""Dinheiro"", ""Pago"": ""Sim""}"
pda,saida,Talho Duarte,2025-12-30,128.96,FT 2A2501/12817,True,Dinheiro,True,Saidas3156447,39,,"{""ITEM"": ""Talho Duarte"", ""DATA DE PAGAMENTO"": ""2025-12-30"", ""MONTANTE"": 128.96, ""Nº Fatura"": ""FT 2A2501/12817"", ""Fatura C/NIF"": ""Sim"", ""Tipo Pagamento"": ""Dinheiro"", ""Pago"": ""Sim""}"
pda,saida,"Nuno Reis "" Miolo Camarão""",2025-12-30,137.17,,True,Transferencia,True,Saidas3156447,40,,"{""ITEM"": ""Nuno Reis \"" Miolo Camarão\"""", ""DATA DE PAGAMENTO"": ""2025-12-30"", ""MONTANTE"": 137.17, ""Nº Fatura"": null, ""Fatura C/NIF"": ""Sim"", ""Tipo Pagamento"": ""Transferencia"", ""Pago"": ""Sim""}"
pda,saida,Mercadona / Bebidas 2,2025-12-25,139.36,70460112025001/000222,True,C. Q26,True,Saidas3156447,41,,"{""ITEM"": ""Mercadona / Bebidas 2"", ""DATA DE PAGAMENTO"": ""2025-12-25"", ""MONTANTE"": 139.36, ""Nº Fatura"": ""70460112025001/000222"", ""Fatura C/NIF"": ""Sim"", ""Tipo Pagamento"": ""C. Q26"", ""Pago"": ""Sim""}"
pda,saida,Recheio / Mercearia,2025-12-31,193.4,25204204/0000061845,True,C. Q26,True,Saidas3156447,42,,"{""ITEM"": ""Recheio / Mercearia"", ""DATA DE PAGAMENTO"": ""2025-12-31"", ""MONTANTE"": 193.4, ""Nº Fatura"": ""25204204/0000061845"", ""Fatura C/NIF"": ""Sim"", ""Tipo Pagamento"": ""C. Q26"", ""Pago"": ""Sim""}"
pda,saida,Gás 45Kg X2,2025-12-16,229.8,FTA04/4003069,True,Transferencia,True,Saidas3156447,43,,"{""ITEM"": ""Gás 45Kg X2"", ""DATA DE PAGAMENTO"": ""2025-12-16"", ""MONTANTE"": 229.8, ""Nº Fatura"": ""FTA04/4003069"", ""Fatura C/NIF"": ""Sim"", ""Tipo Pagamento"": ""Transferencia"", ""Pago"": ""Sim""}"
pda,saida,Recheio,2025-12-27,414.29,25204204/0000061138,True,Dinheiro,True,Saidas3156447,44,,"{""ITEM"": ""Recheio"", ""DATA DE PAGAMENTO"": ""2025-12-27"", ""MONTANTE"": 414.29, ""Nº Fatura"": ""25204204/0000061138"", ""Fatura C/NIF"": ""Sim"", ""Tipo Pagamento"": ""Dinheiro"", ""Pago"": ""Sim""}"
pda,saida,Jonathan PAYDAY,2025-12-31,450.0,,False,Dinheiro,True,Saidas3156447,45,,"{""ITEM"": ""Jonathan PAYDAY"", ""DATA DE PAGAMENTO"": ""2025-12-31"", ""MONTANTE"": 450, ""Nº Fatura"": null, ""Fatura C/NIF"": ""Não"", ""Tipo Pagamento"": ""Dinheiro"", ""Pago"": ""Sim""}"
pda,saida,Pingo Doce / Camarão,2025-12-31,450.54,FS 04740652510021404/025038,True,C. Q26,True,Saidas3156447,46,,"{""ITEM"": ""Pingo Doce / Camarão"", ""DATA DE PAGAMENTO"": ""2025-12-31"", ""MONTANTE"": 450.54, ""Nº Fatura"": ""FS 04740652510021404/025038"", ""Fatura C/NIF"": ""Sim"", ""Tipo Pagamento"": ""C. Q26"", ""Pago"": ""Sim""}"
btt,entrada,Rifas.,,750.0,,,,,Entradas2146343,18,=490+20+110+130,"{""ITEM"": ""Rifas."", ""MONTANTE"": 750}"
btt,entrada,Taberna das Comeiras,,25.0,,,,,Entradas2146343,19,,"{""ITEM"": ""Taberna das Comeiras"", ""MONTANTE"": 25}"
btt,entrada,Vera Jesus,,25.0,,,,,Entradas2146343,20,,"{""ITEM"": ""Vera Jesus"", ""MONTANTE"": 25}"
btt,entrada,HM Estetica,,25.0,,,,,Entradas2146343,21,,"{""ITEM"": ""HM Estetica"", ""MONTANTE"": 25}"
btt,entrada,Pau de Canela,,25.0,,,,,Entradas2146343,22,,"{""ITEM"": ""Pau de Canela"", ""MONTANTE"": 25}"
btt,entrada,TransTasca,,25.0,,,,,Entradas2146343,23,,"{""ITEM"": ""TransTasca"", ""MONTANTE"": 25}"
btt,entrada,"Casta Tinta "" Sr. Vinho """,,30.0,,,,,Entradas2146343,24,,"{""ITEM"": ""Casta Tinta \"" Sr. Vinho \"""", ""MONTANTE"": 30}"
btt,entrada,Sónia Texteis,,25.0,,,,,Entradas2146343,25,,"{""ITEM"": ""Sónia Texteis"", ""MONTANTE"": 25}"
btt,entrada,A Taberna,,25.0,,,,,Entradas2146343,26,,"{""ITEM"": ""A Taberna"", ""MONTANTE"": 25}"
btt,entrada,O Telheiro,,20.0,,,,,Entradas2146343,27,,"{""ITEM"": ""O Telheiro"", ""MONTANTE"": 20}"
btt,entrada,"Loja da Isabel "" Roupa """,,25.0,,,,,Entradas2146343,28,,"{""ITEM"": ""Loja da Isabel \"" Roupa \"""", ""MONTANTE"": 25}"
btt,entrada,"Amanhecer "" Loja Mae Vital """,,25.0,,,,,Entradas2146343,29,,"{""ITEM"": ""Amanhecer \"" Loja Mae Vital \"""", ""MONTANTE"": 25}"
btt,entrada,"O Mosteiro "" Residencial""",,25.0,,,,,Entradas2146343,30,,"{""ITEM"": ""O Mosteiro \"" Residencial\"""", ""MONTANTE"": 25}"
btt,entrada,O Caçador,,25.0,,,,,Entradas2146343,31,,"{""ITEM"": ""O Caçador"", ""MONTANTE"": 25}"
btt,entrada,"Clinica S.Nicolau "" Ruben""",,50.0,,,,,Entradas2146343,32,,"{""ITEM"": ""Clinica S.Nicolau \"" Ruben\"""", ""MONTANTE"": 50}"
btt,entrada,D.Clinic,,100.0,,,,,Entradas2146343,33,,"{""ITEM"": ""D.Clinic"", ""MONTANTE"": 100}"
btt,entrada,Superzam / Vale 50€,,50.0,,,,,Entradas2146343,34,,"{""ITEM"": ""Superzam / Vale 50€"", ""MONTANTE"": 50}"
btt,entrada,Arte e Flor,,25.0,,,,,Entradas2146343,35,,"{""ITEM"": ""Arte e Flor"", ""MONTANTE"": 25}"
btt,entrada,Funeraria Silvano,,25.0,,,,,Entradas2146343,36,,"{""ITEM"": ""Funeraria Silvano"", ""MONTANTE"": 25}"
btt,entrada,MiniPreço Cartaxo,,50.86,,,,,Entradas2146343,37,,"{""ITEM"": ""MiniPreço Cartaxo"", ""MONTANTE"": 50.86}"
btt,entrada,Talho Marinho,,56.08,,,,,Entradas2146343,38,,"{""ITEM"": ""Talho Marinho"", ""MONTANTE"": 56.08}"
btt,entrada,Bar Sede,,318.41,,,,,Entradas2146343,39,=SUM(42.6+240.81+20+15),"{""ITEM"": ""Bar Sede"", ""MONTANTE"": 318.41}"
btt,entrada,Bar Rio Da Fonte,,363.77,,,,,Entradas2146343,40,,"{""ITEM"": ""Bar Rio Da Fonte"", ""MONTANTE"": 363.77}"
btt,entrada,Almoços Extra,,249.9,,,,,Entradas2146343,41,,"{""ITEM"": ""Almoços Extra"", ""MONTANTE"": 249.9}"
btt,entrada,Bar Rio Da Fonte 2,,151.01,,,,,Entradas2146343,42,=120+26.26+0.25+4.5,"{""ITEM"": ""Bar Rio Da Fonte 2"", ""MONTANTE"": 151.01}"
btt,entrada,A Mó ----- Patrocinio P/Conta 200€,,0.0,,,,,Entradas2146343,43,,"{""ITEM"": ""A Mó ----- Patrocinio P/Conta 200€"", ""MONTANTE"": 0}"
btt,entrada,Viva Fit,,0.0,,,,,Entradas2146343,44,,"{""ITEM"": ""Viva Fit"", ""MONTANTE"": 0}"
btt,entrada,Hexos,,0.0,,,,,Entradas2146343,45,,"{""ITEM"": ""Hexos"", ""MONTANTE"": 0}"
btt,entrada,Apedalar,,3074.48,,,,,Entradas2146343,46,,"{""ITEM"": ""Apedalar"", ""MONTANTE"": 3074.48}"
btt,entrada,RibaBike,,200.0,,,,,Entradas2146343,47,,"{""ITEM"": ""RibaBike"", ""MONTANTE"": 200}"
btt,saida,Seguro C.Agricoca / Resp. Civil,2026-01-06,85.41,,True,Transferencia,True,Saidas3156444,18,,"{""ITEM"": ""Seguro C.Agricoca / Resp. Civil"", ""DATA DE PAGAMENTO"": ""2026-01-06"", ""MONTANTE"": 85.41, ""Nº Fatura"": null, ""Fatura C/NIF"": ""Sim"", ""Tipo Pagamento"": ""Transferencia"", ""Pago"": ""Sim""}"
btt,saida,Rifas 3000,2025-11-10,145.0,,False,Dinheiro,True,Saidas3156444,19,,"{""ITEM"": ""Rifas 3000"", ""DATA DE PAGAMENTO"": ""2025-11-10"", ""MONTANTE"": 145, ""Nº Fatura"": null, ""Fatura C/NIF"": ""Não"", ""Tipo Pagamento"": ""Dinheiro"", ""Pago"": ""Sim""}"
btt,saida,Biciclta scott,2025-11-11,1300.0,FAC A14/6255,True,Dinheiro,True,Saidas3156444,20,,"{""ITEM"": ""Biciclta scott"", ""DATA DE PAGAMENTO"": ""2025-11-11"", ""MONTANTE"": 1300, ""Nº Fatura"": ""FAC A14/6255"", ""Fatura C/NIF"": ""Sim"", ""Tipo Pagamento"": ""Dinheiro"", ""Pago"": ""Sim""}"
btt,saida,Licença SPA,2025-12-17,15.75,,True,Dinheiro,True,Saidas3156444,21,,"{""ITEM"": ""Licença SPA"", ""DATA DE PAGAMENTO"": ""2025-12-17"", ""MONTANTE"": 15.75, ""Nº Fatura"": null, ""Fatura C/NIF"": ""Sim"", ""Tipo Pagamento"": ""Dinheiro"", ""Pago"": ""Sim""}"
btt,saida,Licença Pedido de Parecer GNR,2025-12-17,21.55,202500222200,True,Dinheiro,True,Saidas3156444,22,,"{""ITEM"": ""Licença Pedido de Parecer GNR"", ""DATA DE PAGAMENTO"": ""2025-12-17"", ""MONTANTE"": 21.55, ""Nº Fatura"": 202500222200, ""Fatura C/NIF"": ""Sim"", ""Tipo Pagamento"": ""Dinheiro"", ""Pago"": ""Sim""}"
btt,saida,Licença AudioGest,2025-12-26,20.67,AL2025024443,True,Dinheiro,True,Saidas3156444,23,,"{""ITEM"": ""Licença AudioGest"", ""DATA DE PAGAMENTO"": ""2025-12-26"", ""MONTANTE"": 20.67, ""Nº Fatura"": ""AL2025024443"", ""Fatura C/NIF"": ""Sim"", ""Tipo Pagamento"": ""Dinheiro"", ""Pago"": ""Sim""}"
btt,saida,Combustivel / RepSol,2025-12-28,7.13,FE1403001FACTE/22028816,True,Dinheiro,True,Saidas3156444,24,,"{""ITEM"": ""Combustivel / RepSol"", ""DATA DE PAGAMENTO"": ""2025-12-28"", ""MONTANTE"": 7.13, ""Nº Fatura"": ""FE1403001FACTE/22028816"", ""Fatura C/NIF"": ""Sim"", ""Tipo Pagamento"": ""Dinheiro"", ""Pago"": ""Sim""}"
btt,saida,Seguro Victoria / Atletas,2025-12-29,373.57,,True,Transferencia,True,Saidas3156444,25,,"{""ITEM"": ""Seguro Victoria / Atletas"", ""DATA DE PAGAMENTO"": ""2025-12-29"", ""MONTANTE"": 373.57, ""Nº Fatura"": null, ""Fatura C/NIF"": ""Sim"", ""Tipo Pagamento"": ""Transferencia"", ""Pago"": ""Sim""}"
btt,saida,Licença  LER,2025-12-30,70.75,,True,Transferencia,True,Saidas3156444,26,,"{""ITEM"": ""Licença  LER"", ""DATA DE PAGAMENTO"": ""2025-12-30"", ""MONTANTE"": 70.75, ""Nº Fatura"": null, ""Fatura C/NIF"": ""Sim"", ""Tipo Pagamento"": ""Transferencia"", ""Pago"": ""Sim""}"
btt,saida,Portagens Ruben ida,2026-01-02,15.6,,False,Dinheiro,False,Saidas3156444,27,,"{""ITEM"": ""Portagens Ruben ida"", ""DATA DE PAGAMENTO"": ""2026-01-02"", ""MONTANTE"": 15.6, ""Nº Fatura"": null, ""Fatura C/NIF"": ""Não"", ""Tipo Pagamento"": ""Dinheiro"", ""Pago"": ""Não""}"
btt,saida,Mendao / Pregos,2026-01-03,1.75,,False,Dinheiro,True,Saidas3156444,28,,"{""ITEM"": ""Mendao / Pregos"", ""DATA DE PAGAMENTO"": ""2026-01-03"", ""MONTANTE"": 1.75, ""Nº Fatura"": null, ""Fatura C/NIF"": ""Não"", ""Tipo Pagamento"": ""Dinheiro"", ""Pago"": ""Sim""}"
btt,saida,GUODI SU / Xines Materiais,2026-01-03,3.5,R201/00000834,False,Dinheiro,True,Saidas3156444,29,,"{""ITEM"": ""GUODI SU / Xines Materiais"", ""DATA DE PAGAMENTO"": ""2026-01-03"", ""MONTANTE"": 3.5, ""Nº Fatura"": ""R201/00000834"", ""Fatura C/NIF"": ""Não"", ""Tipo Pagamento"": ""Dinheiro"", ""Pago"": ""Sim""}"
btt,saida,Acertar N. Azeveo,2026-01-03,14.0,,False,Dinheiro,True,Saidas3156444,30,,"{""ITEM"": ""Acertar N. Azeveo"", ""DATA DE PAGAMENTO"": ""2026-01-03"", ""MONTANTE"": 14, ""Nº Fatura"": null, ""Fatura C/NIF"": ""Não"", ""Tipo Pagamento"": ""Dinheiro"", ""Pago"": ""Sim""}"
btt,saida,LAVRIDARTAND-COOP,2026-01-03,35.73,2026/795913,False,Dinheiro,True,Saidas3156444,31,,"{""ITEM"": ""LAVRIDARTAND-COOP"", ""DATA DE PAGAMENTO"": ""2026-01-03"", ""MONTANTE"": 35.73, ""Nº Fatura"": ""2026/795913"", ""Fatura C/NIF"": ""Não"", ""Tipo Pagamento"": ""Dinheiro"", ""Pago"": ""Sim""}"
btt,saida,Superzam / Vale 50€,2026-01-03,50.0,,True,Dinheiro,True,Saidas3156444,32,,"{""ITEM"": ""Superzam / Vale 50€"", ""DATA DE PAGAMENTO"": ""2026-01-03"", ""MONTANTE"": 50, ""Nº Fatura"": null, ""Fatura C/NIF"": ""Sim"", ""Tipo Pagamento"": ""Dinheiro"", ""Pago"": ""Sim""}"
btt,saida,Minipreço Cartaxo Patrocinio,2026-01-03,50.86,FT 0790901 1260102/00000004,True,Dinheiro,True,Saidas3156444,33,,"{""ITEM"": ""Minipreço Cartaxo Patrocinio"", ""DATA DE PAGAMENTO"": ""2026-01-03"", ""MONTANTE"": 50.86, ""Nº Fatura"": ""FT 0790901 1260102/00000004"", ""Fatura C/NIF"": ""Sim"", ""Tipo Pagamento"": ""Dinheiro"", ""Pago"": ""Sim""}"
btt,saida,Pao,2026-01-03,100.0,001E/5706,True,Transferencia,True,Saidas3156444,34,,"{""ITEM"": ""Pao"", ""DATA DE PAGAMENTO"": ""2026-01-03"", ""MONTANTE"": 100, ""Nº Fatura"": ""001E/5706"", ""Fatura C/NIF"": ""Sim"", ""Tipo Pagamento"": ""Transferencia"", ""Pago"": ""Sim""}"
btt,saida,Recheio,2026-01-03,193.98,26204201/0000000295,False,Dinheiro,True,Saidas3156444,35,,"{""ITEM"": ""Recheio"", ""DATA DE PAGAMENTO"": ""2026-01-03"", ""MONTANTE"": 193.98, ""Nº Fatura"": ""26204201/0000000295"", ""Fatura C/NIF"": ""Não"", ""Tipo Pagamento"": ""Dinheiro"", ""Pago"": ""Sim""}"
btt,saida,Talho Marinho,2026-01-03,696.08,F253605958,False,Dinheiro,True,Saidas3156444,36,,"{""ITEM"": ""Talho Marinho"", ""DATA DE PAGAMENTO"": ""2026-01-03"", ""MONTANTE"": 696.08, ""Nº Fatura"": ""F253605958"", ""Fatura C/NIF"": ""Não"", ""Tipo Pagamento"": ""Dinheiro"", ""Pago"": ""Sim""}"
btt,saida,"Gasolina 95 "" Motas Apoio""",2026-01-04,8.01,,False,Dinheiro,True,Saidas3156444,37,,"{""ITEM"": ""Gasolina 95 \"" Motas Apoio\"""", ""DATA DE PAGAMENTO"": ""2026-01-04"", ""MONTANTE"": 8.01, ""Nº Fatura"": null, ""Fatura C/NIF"": ""Não"", ""Tipo Pagamento"": ""Dinheiro"", ""Pago"": ""Sim""}"
btt,saida,Inter / Cafes,2026-01-04,23.49,FS 0E1A08126/764,False,Dinheiro,True,Saidas3156444,38,,"{""ITEM"": ""Inter / Cafes"", ""DATA DE PAGAMENTO"": ""2026-01-04"", ""MONTANTE"": 23.49, ""Nº Fatura"": ""FS 0E1A08126/764"", ""Fatura C/NIF"": ""Não"", ""Tipo Pagamento"": ""Dinheiro"", ""Pago"": ""Sim""}"
btt,saida,Ti Cristina Legumes,2026-01-04,50.0,FT 1A2601/441,False,Dinheiro,True,Saidas3156444,39,,"{""ITEM"": ""Ti Cristina Legumes"", ""DATA DE PAGAMENTO"": ""2026-01-04"", ""MONTANTE"": 50, ""Nº Fatura"": ""FT 1A2601/441"", ""Fatura C/NIF"": ""Não"", ""Tipo Pagamento"": ""Dinheiro"", ""Pago"": ""Sim""}"
btt,saida,"Gasolina 95 "" Motas Apoio""",2026-01-04,51.11,TE1403001110KE1/22116065,False,Dinheiro,True,Saidas3156444,40,,"{""ITEM"": ""Gasolina 95 \"" Motas Apoio\"""", ""DATA DE PAGAMENTO"": ""2026-01-04"", ""MONTANTE"": 51.11, ""Nº Fatura"": ""TE1403001110KE1/22116065"", ""Fatura C/NIF"": ""Não"", ""Tipo Pagamento"": ""Dinheiro"", ""Pago"": ""Sim""}"
btt,saida,META ADDs,2026-01-04,58.84,IE9692928F,False,Dinheiro,True,Saidas3156444,41,,"{""ITEM"": ""META ADDs"", ""DATA DE PAGAMENTO"": ""2026-01-04"", ""MONTANTE"": 58.84, ""Nº Fatura"": ""IE9692928F"", ""Fatura C/NIF"": ""Não"", ""Tipo Pagamento"": ""Dinheiro"", ""Pago"": ""Sim""}"
btt,saida,Ti Cristina 6 Horas,2026-01-04,60.0,,False,Dinheiro,True,Saidas3156444,42,,"{""ITEM"": ""Ti Cristina 6 Horas"", ""DATA DE PAGAMENTO"": ""2026-01-04"", ""MONTANTE"": 60, ""Nº Fatura"": null, ""Fatura C/NIF"": ""Não"", ""Tipo Pagamento"": ""Dinheiro"", ""Pago"": ""Sim""}"
btt,saida,Speaker,2026-01-04,375.0,,False,Dinheiro,True,Saidas3156444,43,,"{""ITEM"": ""Speaker"", ""DATA DE PAGAMENTO"": ""2026-01-04"", ""MONTANTE"": 375, ""Nº Fatura"": null, ""Fatura C/NIF"": ""Não"", ""Tipo Pagamento"": ""Dinheiro"", ""Pago"": ""Sim""}"
btt,saida,trofeus,2026-01-05,374.0,,False,Dinheiro,True,Saidas3156444,44,,"{""ITEM"": ""trofeus"", ""DATA DE PAGAMENTO"": ""2026-01-05"", ""MONTANTE"": 374, ""Nº Fatura"": null, ""Fatura C/NIF"": ""Não"", ""Tipo Pagamento"": ""Dinheiro"", ""Pago"": ""Sim""}"
btt,saida,CPCCD COTA,2026-01-07,50.0,,True,Transferencia,True,Saidas3156444,45,,"{""ITEM"": ""CPCCD COTA"", ""DATA DE PAGAMENTO"": ""2026-01-07"", ""MONTANTE"": 50, ""Nº Fatura"": null, ""Fatura C/NIF"": ""Sim"", ""Tipo Pagamento"": ""Transferencia"", ""Pago"": ""Sim""}"
btt,saida,RibaTeste ( Gaz Feira dos Santos ),2026-01-14,57.75,,True,Transferencia,True,Saidas3156444,46,,"{""ITEM"": ""RibaTeste ( Gaz Feira dos Santos )"", ""DATA DE PAGAMENTO"": ""2026-01-14"", ""MONTANTE"": 57.75, ""Nº Fatura"": null, ""Fatura C/NIF"": ""Sim"", ""Tipo Pagamento"": ""Transferencia"", ""Pago"": ""Sim""}"
carnaval,entrada,Exploração Carnaval,,571.77,,,,,Entradas2146317,18,,"{""ITEM"": ""Exploração Carnaval"", ""MONTANTE"": 571.77}"
carnaval,saida,LER,2026-02-02,20.15,FAT. 26.010/506,True,Transferencia,True,Saidas3156418,18,,"{""ITEM"": ""LER"", ""DATA DE PAGAMENTO"": ""2026-02-02"", ""MONTANTE"": 20.15, ""Nº Fatura"": ""FAT. 26.010/506"", ""Fatura C/NIF"": ""Sim"", ""Tipo Pagamento"": ""Transferencia"", ""Pago"": ""Sim""}"
carnaval,saida,InterMarche,2026-02-14,7.75,0E1A02126/7439,False,Dinheiro,True,Saidas3156418,19,,"{""ITEM"": ""InterMarche"", ""DATA DE PAGAMENTO"": ""2026-02-14"", ""MONTANTE"": 7.75, ""Nº Fatura"": ""0E1A02126/7439"", ""Fatura C/NIF"": ""Não"", ""Tipo Pagamento"": ""Dinheiro"", ""Pago"": ""Sim""}"
carnaval,saida,Pingo Doce,2026-02-14,11.21,04740042212211922/161375,False,Dinheiro,True,Saidas3156418,20,,"{""ITEM"": ""Pingo Doce"", ""DATA DE PAGAMENTO"": ""2026-02-14"", ""MONTANTE"": 11.21, ""Nº Fatura"": ""04740042212211922/161375"", ""Fatura C/NIF"": ""Não"", ""Tipo Pagamento"": ""Dinheiro"", ""Pago"": ""Sim""}"
dia-da-mulher,entrada,Entradas,,3427.5,,,,,Entradas2146355,18,,"{""ITEM"": ""Entradas"", ""MONTANTE"": 3427.5}"
dia-da-mulher,entrada,bar,,60.9,,,,,Entradas2146355,19,=47.9+13,"{""ITEM"": ""bar"", ""MONTANTE"": 60.9}"
dia-da-mulher,saida,Avental CAtia,2026-03-08,10.0,,False,Dinheiro,True,Saidas3156456,18,,"{""ITEM"": ""Avental CAtia"", ""DATA DE PAGAMENTO"": ""2026-03-08"", ""MONTANTE"": 10, ""Nº Fatura"": null, ""Fatura C/NIF"": ""Não"", ""Tipo Pagamento"": ""Dinheiro"", ""Pago"": ""Sim""}"
dia-da-mulher,saida,FM Higiene,2026-03-02,12.18,FAC 2026/966,True,Transferencia,True,Saidas3156456,19,,"{""ITEM"": ""FM Higiene"", ""DATA DE PAGAMENTO"": ""2026-03-02"", ""MONTANTE"": 12.18, ""Nº Fatura"": ""FAC 2026/966"", ""Fatura C/NIF"": ""Sim"", ""Tipo Pagamento"": ""Transferencia"", ""Pago"": ""Sim""}"
dia-da-mulher,saida,Continejnte,2026-03-07,15.98,AJD008/419542,False,Dinheiro,True,Saidas3156456,20,,"{""ITEM"": ""Continejnte"", ""DATA DE PAGAMENTO"": ""2026-03-07"", ""MONTANTE"": 15.98, ""Nº Fatura"": ""AJD008/419542"", ""Fatura C/NIF"": ""Não"", ""Tipo Pagamento"": ""Dinheiro"", ""Pago"": ""Sim""}"
dia-da-mulher,saida,FM higiene,2026-03-12,17.84,FAC 2026/1169,True,Transferencia,True,Saidas3156456,21,,"{""ITEM"": ""FM higiene"", ""DATA DE PAGAMENTO"": ""2026-03-12"", ""MONTANTE"": 17.84, ""Nº Fatura"": ""FAC 2026/1169"", ""Fatura C/NIF"": ""Sim"", ""Tipo Pagamento"": ""Transferencia"", ""Pago"": ""Sim""}"
dia-da-mulher,saida,LER,2026-02-23,21.15,,True,Transferencia,True,Saidas3156456,22,,"{""ITEM"": ""LER"", ""DATA DE PAGAMENTO"": ""2026-02-23"", ""MONTANTE"": 21.15, ""Nº Fatura"": null, ""Fatura C/NIF"": ""Sim"", ""Tipo Pagamento"": ""Transferencia"", ""Pago"": ""Sim""}"
dia-da-mulher,saida,Lidl,2026-03-07,22.02,052500326/001299,False,Dinheiro,True,Saidas3156456,23,,"{""ITEM"": ""Lidl"", ""DATA DE PAGAMENTO"": ""2026-03-07"", ""MONTANTE"": 22.02, ""Nº Fatura"": ""052500326/001299"", ""Fatura C/NIF"": ""Não"", ""Tipo Pagamento"": ""Dinheiro"", ""Pago"": ""Sim""}"
dia-da-mulher,saida,Vinhos Franco,2026-03-11,24.86,FT 2026/24,True,Transferencia,True,Saidas3156456,24,,"{""ITEM"": ""Vinhos Franco"", ""DATA DE PAGAMENTO"": ""2026-03-11"", ""MONTANTE"": 24.86, ""Nº Fatura"": ""FT 2026/24"", ""Fatura C/NIF"": ""Sim"", ""Tipo Pagamento"": ""Transferencia"", ""Pago"": ""Sim""}"
dia-da-mulher,saida,Almoços A.Doce 13-03-2026,2026-03-14,34.2,19 2400/000107,True,Dinheiro,True,Saidas3156456,25,,"{""ITEM"": ""Almoços A.Doce 13-03-2026"", ""DATA DE PAGAMENTO"": ""2026-03-14"", ""MONTANTE"": 34.2, ""Nº Fatura"": ""19 2400/000107"", ""Fatura C/NIF"": ""Sim"", ""Tipo Pagamento"": ""Dinheiro"", ""Pago"": ""Sim""}"
dia-da-mulher,saida,Horta da Vila,2026-06-07,35.31,FT 1A2601/3602,False,Dinheiro,True,Saidas3156456,26,,"{""ITEM"": ""Horta da Vila"", ""DATA DE PAGAMENTO"": ""2026-06-07"", ""MONTANTE"": 35.31, ""Nº Fatura"": ""FT 1A2601/3602"", ""Fatura C/NIF"": ""Não"", ""Tipo Pagamento"": ""Dinheiro"", ""Pago"": ""Sim""}"
dia-da-mulher,saida,AudioGest,2026-03-02,56.69,,True,Transferencia,True,Saidas3156456,27,,"{""ITEM"": ""AudioGest"", ""DATA DE PAGAMENTO"": ""2026-03-02"", ""MONTANTE"": 56.69, ""Nº Fatura"": null, ""Fatura C/NIF"": ""Sim"", ""Tipo Pagamento"": ""Transferencia"", ""Pago"": ""Sim""}"
dia-da-mulher,saida,SPA,2026-03-03,60.75,,True,Transferencia,True,Saidas3156456,28,,"{""ITEM"": ""SPA"", ""DATA DE PAGAMENTO"": ""2026-03-03"", ""MONTANTE"": 60.75, ""Nº Fatura"": null, ""Fatura C/NIF"": ""Sim"", ""Tipo Pagamento"": ""Transferencia"", ""Pago"": ""Sim""}"
dia-da-mulher,saida,Recheio Bebidas,2026-03-07,64.01,26204204/0000011725,False,Dinheiro,True,Saidas3156456,29,,"{""ITEM"": ""Recheio Bebidas"", ""DATA DE PAGAMENTO"": ""2026-03-07"", ""MONTANTE"": 64.01, ""Nº Fatura"": ""26204204/0000011725"", ""Fatura C/NIF"": ""Não"", ""Tipo Pagamento"": ""Dinheiro"", ""Pago"": ""Sim""}"
dia-da-mulher,saida,Louricake,2026-03-05,75.18,FAC D0/98987,True,Transferencia,True,Saidas3156456,30,,"{""ITEM"": ""Louricake"", ""DATA DE PAGAMENTO"": ""2026-03-05"", ""MONTANTE"": 75.18, ""Nº Fatura"": ""FAC D0/98987"", ""Fatura C/NIF"": ""Sim"", ""Tipo Pagamento"": ""Transferencia"", ""Pago"": ""Sim""}"
dia-da-mulher,saida,Striper 50%,2026-02-15,137.5,,True,Transferencia,True,Saidas3156456,31,,"{""ITEM"": ""Striper 50%"", ""DATA DE PAGAMENTO"": ""2026-02-15"", ""MONTANTE"": 137.5, ""Nº Fatura"": null, ""Fatura C/NIF"": ""Sim"", ""Tipo Pagamento"": ""Transferencia"", ""Pago"": ""Sim""}"
dia-da-mulher,saida,Striper 50%,2026-02-15,137.5,,False,Dinheiro,True,Saidas3156456,32,,"{""ITEM"": ""Striper 50%"", ""DATA DE PAGAMENTO"": ""2026-02-15"", ""MONTANTE"": 137.5, ""Nº Fatura"": null, ""Fatura C/NIF"": ""Não"", ""Tipo Pagamento"": ""Dinheiro"", ""Pago"": ""Sim""}"
dia-da-mulher,saida,Animaçao,2026-03-07,150.0,,False,Dinheiro,True,Saidas3156456,33,,"{""ITEM"": ""Animaçao"", ""DATA DE PAGAMENTO"": ""2026-03-07"", ""MONTANTE"": 150, ""Nº Fatura"": null, ""Fatura C/NIF"": ""Não"", ""Tipo Pagamento"": ""Dinheiro"", ""Pago"": ""Sim""}"
dia-da-mulher,saida,AViOvos,2026-03-09,159.0,ATCUD:J6T527Z4-276,True,Transferencia,True,Saidas3156456,34,,"{""ITEM"": ""AViOvos"", ""DATA DE PAGAMENTO"": ""2026-03-09"", ""MONTANTE"": 159, ""Nº Fatura"": ""ATCUD:J6T527Z4-276"", ""Fatura C/NIF"": ""Sim"", ""Tipo Pagamento"": ""Transferencia"", ""Pago"": ""Sim""}"
dia-da-mulher,saida,"Azeite Ezakiel ""Caspiadas""",2026-03-03,228.77,FT26/001250,True,Transferencia,True,Saidas3156456,35,,"{""ITEM"": ""Azeite Ezakiel \""Caspiadas\"""", ""DATA DE PAGAMENTO"": ""2026-03-03"", ""MONTANTE"": 228.77, ""Nº Fatura"": ""FT26/001250"", ""Fatura C/NIF"": ""Sim"", ""Tipo Pagamento"": ""Transferencia"", ""Pago"": ""Sim""}"
dia-da-mulher,saida,Talho Marinho,2026-03-07,528.95,F:253605958,False,Dinheiro,True,Saidas3156456,36,,"{""ITEM"": ""Talho Marinho"", ""DATA DE PAGAMENTO"": ""2026-03-07"", ""MONTANTE"": 528.95, ""Nº Fatura"": ""F:253605958"", ""Fatura C/NIF"": ""Não"", ""Tipo Pagamento"": ""Dinheiro"", ""Pago"": ""Sim""}"
dia-da-mulher,saida,Novadis,2026-03-08,,,True,Transferencia,True,Saidas3156456,37,,"{""ITEM"": ""Novadis"", ""DATA DE PAGAMENTO"": ""2026-03-08"", ""MONTANTE"": null, ""Nº Fatura"": null, ""Fatura C/NIF"": ""Sim"", ""Tipo Pagamento"": ""Transferencia"", ""Pago"": ""Sim""}"
arroz-doce-mar26,entrada,Arozes e bolos,,4126.14,,,,,Entradas2146368,18,,"{""ITEM"": ""Arozes e bolos"", ""MONTANTE"": 4126.14}"
arroz-doce-mar26,entrada,Bolos Extra,,116.27,,,,,Entradas2146368,19,=101.27+15,"{""ITEM"": ""Bolos Extra"", ""MONTANTE"": 116.27}"
arroz-doce-mar26,entrada,Doces Extra Coop,,117.3,,,,,Entradas2146368,20,,"{""ITEM"": ""Doces Extra Coop"", ""MONTANTE"": 117.3}"
arroz-doce-mar26,saida,FM higiene,2026-03-12,0.0,FAC 2026/1169,True,Transferencia,True,Saidas3156469,18,,"{""ITEM"": ""FM higiene"", ""DATA DE PAGAMENTO"": ""2026-03-12"", ""MONTANTE"": 0, ""Nº Fatura"": ""FAC 2026/1169"", ""Fatura C/NIF"": ""Sim"", ""Tipo Pagamento"": ""Transferencia"", ""Pago"": ""Sim""}"
arroz-doce-mar26,saida,Almoços A.Doce 14-03-2026,2026-03-13,0.0,19 2400/000107,True,Transferencia,True,Saidas3156469,19,,"{""ITEM"": ""Almoços A.Doce 14-03-2026"", ""DATA DE PAGAMENTO"": ""2026-03-13"", ""MONTANTE"": 0, ""Nº Fatura"": ""19 2400/000107"", ""Fatura C/NIF"": ""Sim"", ""Tipo Pagamento"": ""Transferencia"", ""Pago"": ""Sim""}"
arroz-doce-mar26,saida,P.Almoços SABADO,2026-03-14,10.22,,False,Dinheiro,True,Saidas3156469,20,,"{""ITEM"": ""P.Almoços SABADO"", ""DATA DE PAGAMENTO"": ""2026-03-14"", ""MONTANTE"": 10.22, ""Nº Fatura"": null, ""Fatura C/NIF"": ""Não"", ""Tipo Pagamento"": ""Dinheiro"", ""Pago"": ""Sim""}"
arroz-doce-mar26,saida,P.Almoços,2026-03-14,19.11,,False,Dinheiro,True,Saidas3156469,21,,"{""ITEM"": ""P.Almoços"", ""DATA DE PAGAMENTO"": ""2026-03-14"", ""MONTANTE"": 19.11, ""Nº Fatura"": null, ""Fatura C/NIF"": ""Não"", ""Tipo Pagamento"": ""Dinheiro"", ""Pago"": ""Sim""}"
arroz-doce-mar26,saida,Almoçoos SEXTA JANTAR,2026-03-13,24.47,,False,Dinheiro,True,Saidas3156469,22,,"{""ITEM"": ""Almoçoos SEXTA JANTAR"", ""DATA DE PAGAMENTO"": ""2026-03-13"", ""MONTANTE"": 24.47, ""Nº Fatura"": null, ""Fatura C/NIF"": ""Não"", ""Tipo Pagamento"": ""Dinheiro"", ""Pago"": ""Sim""}"
arroz-doce-mar26,saida,Almoços,2026-03-13,40.0,,False,Dinheiro,True,Saidas3156469,23,,"{""ITEM"": ""Almoços"", ""DATA DE PAGAMENTO"": ""2026-03-13"", ""MONTANTE"": 40, ""Nº Fatura"": null, ""Fatura C/NIF"": ""Não"", ""Tipo Pagamento"": ""Dinheiro"", ""Pago"": ""Sim""}"
arroz-doce-mar26,saida,Almoços SABADO,2026-03-14,62.0,,False,Dinheiro,True,Saidas3156469,24,,"{""ITEM"": ""Almoços SABADO"", ""DATA DE PAGAMENTO"": ""2026-03-14"", ""MONTANTE"": 62, ""Nº Fatura"": null, ""Fatura C/NIF"": ""Não"", ""Tipo Pagamento"": ""Dinheiro"", ""Pago"": ""Sim""}"
arroz-doce-mar26,saida,Pagamento Abel,2026-03-18,129.0,,False,Dinheiro,True,Saidas3156469,25,,"{""ITEM"": ""Pagamento Abel"", ""DATA DE PAGAMENTO"": ""2026-03-18"", ""MONTANTE"": 129, ""Nº Fatura"": null, ""Fatura C/NIF"": ""Não"", ""Tipo Pagamento"": ""Dinheiro"", ""Pago"": ""Sim""}"
arroz-doce-mar26,saida,Recheio,2026-03-07,498.85,26204204/0000011712,False,Dinheiro,True,Saidas3156469,26,,"{""ITEM"": ""Recheio"", ""DATA DE PAGAMENTO"": ""2026-03-07"", ""MONTANTE"": 498.85, ""Nº Fatura"": ""26204204/0000011712"", ""Fatura C/NIF"": ""Não"", ""Tipo Pagamento"": ""Dinheiro"", ""Pago"": ""Sim""}"
arroz-doce-mar26,saida,Papel Celofane,2026-03-17,89.5,,False,Dinheiro,True,Saidas3156469,27,,"{""ITEM"": ""Papel Celofane"", ""DATA DE PAGAMENTO"": ""2026-03-17"", ""MONTANTE"": 89.5, ""Nº Fatura"": null, ""Fatura C/NIF"": ""Não"", ""Tipo Pagamento"": ""Dinheiro"", ""Pago"": ""Sim""}"
festival-do-bacalhau,entrada,Entradas,,3111.0,,,,,Entradas2146377,18,,"{""ITEM"": ""Entradas"", ""MONTANTE"": 3111}"
festival-do-bacalhau,entrada,Rifas,,294.0,,,,,Entradas2146377,19,,"{""ITEM"": ""Rifas"", ""MONTANTE"": 294}"
festival-do-bacalhau,entrada,Exploraçao Bar,,105.7,,,,,Entradas2146377,20,,"{""ITEM"": ""Exploraçao Bar"", ""MONTANTE"": 105.7}"
festival-do-bacalhau,saida,LER,2026-04-13,21.15,FAT. 26.010/1643,True,Transferencia,True,Saidas3156478,18,,"{""ITEM"": ""LER"", ""DATA DE PAGAMENTO"": ""2026-04-13"", ""MONTANTE"": 21.15, ""Nº Fatura"": ""FAT. 26.010/1643"", ""Fatura C/NIF"": ""Sim"", ""Tipo Pagamento"": ""Transferencia"", ""Pago"": ""Sim""}"
festival-do-bacalhau,saida,Recheio,2026-04-18,7.78,FR 26204201,False,Dinheiro,True,Saidas3156478,19,,"{""ITEM"": ""Recheio"", ""DATA DE PAGAMENTO"": ""2026-04-18"", ""MONTANTE"": 7.78, ""Nº Fatura"": ""FR 26204201"", ""Fatura C/NIF"": ""Não"", ""Tipo Pagamento"": ""Dinheiro"", ""Pago"": ""Sim""}"
festival-do-bacalhau,saida,Recheio 2,2026-04-18,130.56,,False,Dinheiro,True,Saidas3156478,20,,"{""ITEM"": ""Recheio 2"", ""DATA DE PAGAMENTO"": ""2026-04-18"", ""MONTANTE"": 130.56, ""Nº Fatura"": null, ""Fatura C/NIF"": ""Não"", ""Tipo Pagamento"": ""Dinheiro"", ""Pago"": ""Sim""}"
festival-do-bacalhau,saida,Intermache,2026-04-18,5.58,,False,Dinheiro,True,Saidas3156478,21,,"{""ITEM"": ""Intermache"", ""DATA DE PAGAMENTO"": ""2026-04-18"", ""MONTANTE"": 5.58, ""Nº Fatura"": null, ""Fatura C/NIF"": ""Não"", ""Tipo Pagamento"": ""Dinheiro"", ""Pago"": ""Sim""}"
festival-do-bacalhau,saida,FM Higiene,2026-04-16,59.41,FAC 2026/1739,True,Transferencia,True,Saidas3156478,22,,"{""ITEM"": ""FM Higiene"", ""DATA DE PAGAMENTO"": ""2026-04-16"", ""MONTANTE"": 59.41, ""Nº Fatura"": ""FAC 2026/1739"", ""Fatura C/NIF"": ""Sim"", ""Tipo Pagamento"": ""Transferencia"", ""Pago"": ""Sim""}"
festival-do-bacalhau,saida,Asdrubal,2026-04-17,65.3,,True,Transferencia,True,Saidas3156478,23,,"{""ITEM"": ""Asdrubal"", ""DATA DE PAGAMENTO"": ""2026-04-17"", ""MONTANTE"": 65.3, ""Nº Fatura"": null, ""Fatura C/NIF"": ""Sim"", ""Tipo Pagamento"": ""Transferencia"", ""Pago"": ""Sim""}"
festival-do-bacalhau,saida,"Pao ""Hugo Paes""",2026-04-18,16.0,,True,Transferencia,True,Saidas3156478,24,,"{""ITEM"": ""Pao \""Hugo Paes\"""", ""DATA DE PAGAMENTO"": ""2026-04-18"", ""MONTANTE"": 16, ""Nº Fatura"": null, ""Fatura C/NIF"": ""Sim"", ""Tipo Pagamento"": ""Transferencia"", ""Pago"": ""Sim""}"
festival-do-bacalhau,saida,Intermache,2026-04-18,17.49,,False,Dinheiro,True,Saidas3156478,25,,"{""ITEM"": ""Intermache"", ""DATA DE PAGAMENTO"": ""2026-04-18"", ""MONTANTE"": 17.49, ""Nº Fatura"": null, ""Fatura C/NIF"": ""Não"", ""Tipo Pagamento"": ""Dinheiro"", ""Pago"": ""Sim""}"
festival-do-bacalhau,saida,Vinhos Franco,2026-04-18,37.29,,True,Transferencia,True,Saidas3156478,26,,"{""ITEM"": ""Vinhos Franco"", ""DATA DE PAGAMENTO"": ""2026-04-18"", ""MONTANTE"": 37.29, ""Nº Fatura"": null, ""Fatura C/NIF"": ""Sim"", ""Tipo Pagamento"": ""Transferencia"", ""Pago"": ""Sim""}"
festival-do-bacalhau,saida,Louricake,2026-04-18,49.88,,True,Transferencia,True,Saidas3156478,27,,"{""ITEM"": ""Louricake"", ""DATA DE PAGAMENTO"": ""2026-04-18"", ""MONTANTE"": 49.88, ""Nº Fatura"": null, ""Fatura C/NIF"": ""Sim"", ""Tipo Pagamento"": ""Transferencia"", ""Pago"": ""Sim""}"
festival-do-bacalhau,saida,Louricake,2026-04-18,50.18,FAC D0/101941,True,Transferencia,True,Saidas3156478,28,,"{""ITEM"": ""Louricake"", ""DATA DE PAGAMENTO"": ""2026-04-18"", ""MONTANTE"": 50.18, ""Nº Fatura"": ""FAC D0/101941"", ""Fatura C/NIF"": ""Sim"", ""Tipo Pagamento"": ""Transferencia"", ""Pago"": ""Sim""}"
festival-do-bacalhau,saida,ChinaTown,2026-04-19,13.0,,False,Dinheiro,True,Saidas3156478,29,,"{""ITEM"": ""ChinaTown"", ""DATA DE PAGAMENTO"": ""19-042036"", ""MONTANTE"": 13, ""Nº Fatura"": null, ""Fatura C/NIF"": ""Não"", ""Tipo Pagamento"": ""Dinheiro"", ""Pago"": ""Sim""}"
festival-do-bacalhau,saida,Novadis 1 Barril,2026-04-19,0.0,,,,,Saidas3156478,30,,"{""ITEM"": ""Novadis 1 Barril"", ""DATA DE PAGAMENTO"": ""2026-04-19"", ""MONTANTE"": 0, ""Nº Fatura"": null, ""Fatura C/NIF"": null, ""Tipo Pagamento"": null, ""Pago"": null}"
caminhadgens,entrada,Entradas,,197.2,,,,,Entradas2146371,18,,"{""ITEM"": ""Entradas"", ""MONTANTE"": 197.2}"
caminhadgens,saida,Pingo Doce,2026-04-14,10.23,,False,Dinheiro,True,Saidas3156472,18,,"{""ITEM"": ""Pingo Doce"", ""DATA DE PAGAMENTO"": ""2026-04-14"", ""MONTANTE"": 10.23, ""Nº Fatura"": null, ""Fatura C/NIF"": ""Não"", ""Tipo Pagamento"": ""Dinheiro"", ""Pago"": ""Sim""}"
caminhadgens,saida,Pingo Doce 02,,,,,,,Saidas3156472,19,,"{""ITEM"": ""Pingo Doce 02"", ""DATA DE PAGAMENTO"": null, ""MONTANTE"": null, ""Nº Fatura"": null, ""Fatura C/NIF"": null, ""Tipo Pagamento"": null, ""Pago"": null}"
festa-do-vinho,entrada,2026-04-30,,220.7,,,,,Entradas2146380,18,=220.7,"{""ITEM"": ""2026-04-30"", ""MONTANTE"": 220.7}"
festa-do-vinho,entrada,2026-05-01,,392.8,,,,,Entradas2146380,19,=385.2+7.6,"{""ITEM"": ""2026-05-01"", ""MONTANTE"": 392.8}"
festa-do-vinho,entrada,2026-05-02,,399.4,,,,,Entradas2146380,20,=107.25+63.1+216.95+12.1,"{""ITEM"": ""2026-05-02"", ""MONTANTE"": 399.4}"
festa-do-vinho,entrada,2026-05-03,,176.1,,,,,Entradas2146380,21,=60.5+105+10.6,"{""ITEM"": ""2026-05-03"", ""MONTANTE"": 176.1}"
festa-do-vinho,saida,Agriloja Frascos,2026-04-29,31.66,VP-L63_26/000037,False,Dinheiro,True,Saidas3156481,18,,"{""ITEM"": ""Agriloja Frascos"", ""DATA DE PAGAMENTO"": ""2026-04-29"", ""MONTANTE"": 31.66, ""Nº Fatura"": ""VP-L63_26/000037"", ""Fatura C/NIF"": ""Não"", ""Tipo Pagamento"": ""Dinheiro"", ""Pago"": ""Sim""}"
festa-do-vinho,saida,Agriloja Consumiveis,2026-04-29,15.58,VP-L63_26/000036,False,Dinheiro,True,Saidas3156481,19,,"{""ITEM"": ""Agriloja Consumiveis"", ""DATA DE PAGAMENTO"": ""2026-04-29"", ""MONTANTE"": 15.58, ""Nº Fatura"": ""VP-L63_26/000036"", ""Fatura C/NIF"": ""Não"", ""Tipo Pagamento"": ""Dinheiro"", ""Pago"": ""Sim""}"
festa-do-vinho,saida,Sacos de papel,2026-04-30,38.7,FT 2026/402,True,Transferencia,True,Saidas3156481,20,,"{""ITEM"": ""Sacos de papel"", ""DATA DE PAGAMENTO"": ""2026-04-30"", ""MONTANTE"": 38.7, ""Nº Fatura"": ""FT 2026/402"", ""Fatura C/NIF"": ""Sim"", ""Tipo Pagamento"": ""Transferencia"", ""Pago"": ""Sim""}"
festa-do-vinho,saida,Vinhos Franco 3 Garrafas,2026-04-29,24.99,,True,Transferencia,True,Saidas3156481,21,,"{""ITEM"": ""Vinhos Franco 3 Garrafas"", ""DATA DE PAGAMENTO"": ""2026-04-29"", ""MONTANTE"": 24.99, ""Nº Fatura"": null, ""Fatura C/NIF"": ""Sim"", ""Tipo Pagamento"": ""Transferencia"", ""Pago"": ""Sim""}"
festa-do-vinho,saida,Recheio ****,2026-04-29,157.19,26204201/0000011684,False,Dinheiro,True,Saidas3156481,22,,"{""ITEM"": ""Recheio ****"", ""DATA DE PAGAMENTO"": ""2026-04-29"", ""MONTANTE"": 157.19, ""Nº Fatura"": ""26204201/0000011684"", ""Fatura C/NIF"": ""Não"", ""Tipo Pagamento"": ""Dinheiro"", ""Pago"": ""Sim""}"
festa-do-vinho,saida,Confeçao,2026-05-06,180.0,,False,Dinheiro,True,Saidas3156481,23,,"{""ITEM"": ""Confeçao"", ""DATA DE PAGAMENTO"": ""2026-05-06"", ""MONTANTE"": 180, ""Nº Fatura"": null, ""Fatura C/NIF"": ""Não"", ""Tipo Pagamento"": ""Dinheiro"", ""Pago"": ""Sim""}"
festa-do-vinho,saida,P.Q.Almoço,2026-04-30,6.3,,False,Dinheiro,True,Saidas3156481,24,,"{""ITEM"": ""P.Q.Almoço"", ""DATA DE PAGAMENTO"": ""2026-04-30"", ""MONTANTE"": 6.3, ""Nº Fatura"": null, ""Fatura C/NIF"": ""Não"", ""Tipo Pagamento"": ""Dinheiro"", ""Pago"": ""Sim""}"
festa-do-vinho,saida,Almoço,2026-04-30,30.0,,False,Dinheiro,True,Saidas3156481,25,,"{""ITEM"": ""Almoço"", ""DATA DE PAGAMENTO"": ""2026-04-30"", ""MONTANTE"": 30, ""Nº Fatura"": null, ""Fatura C/NIF"": ""Não"", ""Tipo Pagamento"": ""Dinheiro"", ""Pago"": ""Sim""}"
festa-do-vinho,saida,Inseticida,2026-05-01,1.99,,False,Dinheiro,True,Saidas3156481,26,,"{""ITEM"": ""Inseticida"", ""DATA DE PAGAMENTO"": ""2026-05-01"", ""MONTANTE"": 1.99, ""Nº Fatura"": null, ""Fatura C/NIF"": ""Não"", ""Tipo Pagamento"": ""Dinheiro"", ""Pago"": ""Sim""}"
rota-das-quintas,entrada,Amoços + Caminhada,,2562.5,,,,,Entradas2146383,18,,"{""ITEM"": ""Amoços + Caminhada"", ""MONTANTE"": 2562.5}"
rota-das-quintas,entrada,Bar,,206.6,,,,,Entradas2146383,19,,"{""ITEM"": ""Bar"", ""MONTANTE"": 206.6}"
rota-das-quintas,saida,DTF Camisolas,2026-04-29,110.0,,False,Dinheiro,True,Saidas3156484,18,,"{""ITEM"": ""DTF Camisolas"", ""DATA DE PAGAMENTO"": ""2026-04-29"", ""MONTANTE"": 110, ""Nº Fatura"": null, ""Fatura C/NIF"": ""Não"", ""Tipo Pagamento"": ""Dinheiro"", ""Pago"": ""Sim""}"
rota-das-quintas,saida,Louricake,2026-05-14,115.5,,False,Dinheiro,True,Saidas3156484,19,,"{""ITEM"": ""Louricake"", ""DATA DE PAGAMENTO"": ""2026-05-14"", ""MONTANTE"": 115.5, ""Nº Fatura"": null, ""Fatura C/NIF"": ""Não"", ""Tipo Pagamento"": ""Dinheiro"", ""Pago"": ""Sim""}"
rota-das-quintas,saida,Vinhos Franco,2026-05-16,62.55,,True,Transferencia,True,Saidas3156484,20,,"{""ITEM"": ""Vinhos Franco"", ""DATA DE PAGAMENTO"": ""2026-05-16"", ""MONTANTE"": 62.55, ""Nº Fatura"": null, ""Fatura C/NIF"": ""Sim"", ""Tipo Pagamento"": ""Transferencia"", ""Pago"": ""Sim""}"
rota-das-quintas,saida,Inrermarche,2026-05-16,9.15,,False,Dinheiro,True,Saidas3156484,21,,"{""ITEM"": ""Inrermarche"", ""DATA DE PAGAMENTO"": ""2026-05-16"", ""MONTANTE"": 9.15, ""Nº Fatura"": null, ""Fatura C/NIF"": ""Não"", ""Tipo Pagamento"": ""Dinheiro"", ""Pago"": ""Sim""}"
rota-das-quintas,saida,Continente,2026-05-16,76.21,,False,Dinheiro,True,Saidas3156484,22,,"{""ITEM"": ""Continente"", ""DATA DE PAGAMENTO"": ""2026-05-16"", ""MONTANTE"": 76.21, ""Nº Fatura"": null, ""Fatura C/NIF"": ""Não"", ""Tipo Pagamento"": ""Dinheiro"", ""Pago"": ""Sim""}"
rota-das-quintas,saida,Talho Marinho,2026-05-16,288.46,,False,Dinheiro,False,Saidas3156484,23,,"{""ITEM"": ""Talho Marinho"", ""DATA DE PAGAMENTO"": ""2026-05-16"", ""MONTANTE"": 288.46, ""Nº Fatura"": null, ""Fatura C/NIF"": ""Não"", ""Tipo Pagamento"": ""Dinheiro"", ""Pago"": ""Não""}"
rota-das-quintas,saida,Pao,2026-05-19,31.25,,False,Dinheiro,True,Saidas3156484,24,,"{""ITEM"": ""Pao"", ""DATA DE PAGAMENTO"": ""2026-05-19"", ""MONTANTE"": 31.25, ""Nº Fatura"": null, ""Fatura C/NIF"": ""Não"", ""Tipo Pagamento"": ""Dinheiro"", ""Pago"": ""Sim""}"
rota-das-quintas,saida,Batata Frita,2026-05-19,75.0,,False,Dinheiro,True,Saidas3156484,25,,"{""ITEM"": ""Batata Frita"", ""DATA DE PAGAMENTO"": ""2026-05-19"", ""MONTANTE"": 75, ""Nº Fatura"": null, ""Fatura C/NIF"": ""Não"", ""Tipo Pagamento"": ""Dinheiro"", ""Pago"": ""Sim""}"
rota-das-quintas,saida,Inrermarche,2026-05-17,4.97,,False,Dinheiro,True,Saidas3156484,26,,"{""ITEM"": ""Inrermarche"", ""DATA DE PAGAMENTO"": ""2026-05-17"", ""MONTANTE"": 4.97, ""Nº Fatura"": null, ""Fatura C/NIF"": ""Não"", ""Tipo Pagamento"": ""Dinheiro"", ""Pago"": ""Sim""}"
petisarte,entrada,Entradas,,1582.15,,,,,Entradas2146389,18,=1554.15+18+10,"{""ITEM"": ""Entradas"", ""MONTANTE"": 1582.15}"
petisarte,entrada,Rifas 01-06-2026,,123.0,,,,,Entradas2146389,19,=50+73,"{""ITEM"": ""Rifas 01-06-2026"", ""MONTANTE"": 123}"
petisarte,saida,LER,2026-05-21,21.15,,True,Transferencia,True,Saidas3156490,18,,"{""ITEM"": ""LER"", ""DATA DE PAGAMENTO"": ""2026-05-21"", ""MONTANTE"": 21.15, ""Nº Fatura"": null, ""Fatura C/NIF"": ""Sim"", ""Tipo Pagamento"": ""Transferencia"", ""Pago"": ""Sim""}"
petisarte,saida,Caracois 4 baldes,2026-05-22,96.0,,False,Dinheiro,True,Saidas3156490,19,,"{""ITEM"": ""Caracois 4 baldes"", ""DATA DE PAGAMENTO"": ""2026-05-22"", ""MONTANTE"": 96, ""Nº Fatura"": null, ""Fatura C/NIF"": ""Não"", ""Tipo Pagamento"": ""Dinheiro"", ""Pago"": ""Sim""}"
petisarte,saida,Talho,2026-05-23,120.14,,False,Dinheiro,True,Saidas3156490,20,,"{""ITEM"": ""Talho"", ""DATA DE PAGAMENTO"": ""2026-05-23"", ""MONTANTE"": 120.14, ""Nº Fatura"": null, ""Fatura C/NIF"": ""Não"", ""Tipo Pagamento"": ""Dinheiro"", ""Pago"": ""Sim""}"
petisarte,saida,Asdrubal,2026-05-23,52.2,,False,Transferencia,True,Saidas3156490,21,,"{""ITEM"": ""Asdrubal"", ""DATA DE PAGAMENTO"": ""2026-05-23"", ""MONTANTE"": 52.195, ""Nº Fatura"": null, ""Fatura C/NIF"": ""Não"", ""Tipo Pagamento"": ""Transferencia"", ""Pago"": ""Sim""}"
petisarte,saida,Meu Super,2026-05-23,3.18,,False,Dinheiro,True,Saidas3156490,22,,"{""ITEM"": ""Meu Super"", ""DATA DE PAGAMENTO"": ""2026-05-23"", ""MONTANTE"": 3.18, ""Nº Fatura"": null, ""Fatura C/NIF"": ""Não"", ""Tipo Pagamento"": ""Dinheiro"", ""Pago"": ""Sim""}"
petisarte,saida,Intermarche,2026-05-23,4.97,,False,Dinheiro,True,Saidas3156490,23,,"{""ITEM"": ""Intermarche"", ""DATA DE PAGAMENTO"": ""2026-05-23"", ""MONTANTE"": 4.97, ""Nº Fatura"": null, ""Fatura C/NIF"": ""Não"", ""Tipo Pagamento"": ""Dinheiro"", ""Pago"": ""Sim""}"
petisarte,saida,Recheio,2026-05-23,106.19,,False,Dinheiro,True,Saidas3156490,24,,"{""ITEM"": ""Recheio"", ""DATA DE PAGAMENTO"": ""2026-05-23"", ""MONTANTE"": 106.19, ""Nº Fatura"": null, ""Fatura C/NIF"": ""Não"", ""Tipo Pagamento"": ""Dinheiro"", ""Pago"": ""Sim""}"
arroz-doce-maio26,entrada,Entradas,,3999.71,,,,,Entradas2146392,18,=3740.71+34+15+75+135,"{""ITEM"": ""Entradas"", ""MONTANTE"": 3999.71}"
arroz-doce-maio26,entrada,Doces,,66.5,,,,,Entradas2146392,19,,"{""ITEM"": ""Doces"", ""MONTANTE"": 66.5}"
arroz-doce-maio26,saida,Ovos,2026-05-25,105.0,,False,Dinheiro,True,Saidas3156493,18,,"{""ITEM"": ""Ovos"", ""DATA DE PAGAMENTO"": ""2026-05-25"", ""MONTANTE"": 105, ""Nº Fatura"": null, ""Fatura C/NIF"": ""Não"", ""Tipo Pagamento"": ""Dinheiro"", ""Pago"": ""Sim""}"
arroz-doce-maio26,saida,Recheio,2026-05-26,201.43,,False,Dinheiro,True,Saidas3156493,19,,"{""ITEM"": ""Recheio"", ""DATA DE PAGAMENTO"": ""2026-05-26"", ""MONTANTE"": 201.43, ""Nº Fatura"": null, ""Fatura C/NIF"": ""Não"", ""Tipo Pagamento"": ""Dinheiro"", ""Pago"": ""Sim""}"
arroz-doce-maio26,saida,Ovos Abel 140 / Rolo Cozinha / Det. Loiça,,,,,,False,Saidas3156493,20,,"{""ITEM"": ""Ovos Abel 140 / Rolo Cozinha / Det. Loiça"", ""DATA DE PAGAMENTO"": null, ""MONTANTE"": null, ""Nº Fatura"": null, ""Fatura C/NIF"": null, ""Tipo Pagamento"": null, ""Pago"": ""Não""}"
arroz-doce-maio26,saida,Amanhecer,2026-05-27,10.0,,False,Dinheiro,True,Saidas3156493,21,,"{""ITEM"": ""Amanhecer"", ""DATA DE PAGAMENTO"": ""2026-05-27"", ""MONTANTE"": 10, ""Nº Fatura"": null, ""Fatura C/NIF"": ""Não"", ""Tipo Pagamento"": ""Dinheiro"", ""Pago"": ""Sim""}"
arroz-doce-maio26,saida,Churrasqueira a MO,2026-05-28,35.0,,False,Dinheiro,True,Saidas3156493,22,,"{""ITEM"": ""Churrasqueira a MO"", ""DATA DE PAGAMENTO"": ""2026-05-28"", ""MONTANTE"": 35, ""Nº Fatura"": null, ""Fatura C/NIF"": ""Não"", ""Tipo Pagamento"": ""Dinheiro"", ""Pago"": ""Sim""}"
arroz-doce-maio26,saida,A Taberna,2026-05-27,21.0,,False,Dinheiro,True,Saidas3156493,23,,"{""ITEM"": ""A Taberna"", ""DATA DE PAGAMENTO"": ""2026-05-27"", ""MONTANTE"": 21, ""Nº Fatura"": null, ""Fatura C/NIF"": ""Não"", ""Tipo Pagamento"": ""Dinheiro"", ""Pago"": ""Sim""}"
arroz-doce-maio26,saida,Grill Aveiras,2026-05-30,43.2,,False,Dinheiro,True,Saidas3156493,24,,"{""ITEM"": ""Grill Aveiras"", ""DATA DE PAGAMENTO"": ""2026-05-30"", ""MONTANTE"": 43.2, ""Nº Fatura"": null, ""Fatura C/NIF"": ""Não"", ""Tipo Pagamento"": ""Dinheiro"", ""Pago"": ""Sim""}"
arroz-doce-maio26,saida,Pratos 150 unidades,2026-05-26,285.0,,False,Dinheiro,True,Saidas3156493,25,,"{""ITEM"": ""Pratos 150 unidades"", ""DATA DE PAGAMENTO"": ""2026-05-26"", ""MONTANTE"": 285, ""Nº Fatura"": null, ""Fatura C/NIF"": ""Não"", ""Tipo Pagamento"": ""Dinheiro"", ""Pago"": ""Sim""}"
arroz-doce-maio26,saida,Portagens,2026-05-26,10.8,,False,Dinheiro,True,Saidas3156493,26,,"{""ITEM"": ""Portagens"", ""DATA DE PAGAMENTO"": ""2026-05-26"", ""MONTANTE"": 10.8, ""Nº Fatura"": null, ""Fatura C/NIF"": ""Não"", ""Tipo Pagamento"": ""Dinheiro"", ""Pago"": ""Sim""}"
arroz-doce-maio26,saida,Recheio,2026-05-30,206.44,,False,Dinheiro,True,Saidas3156493,27,,"{""ITEM"": ""Recheio"", ""DATA DE PAGAMENTO"": ""2026-05-30"", ""MONTANTE"": 206.44, ""Nº Fatura"": null, ""Fatura C/NIF"": ""Não"", ""Tipo Pagamento"": ""Dinheiro"", ""Pago"": ""Sim""}"
arroz-doce-maio26,saida,Pagamento Abel,2026-03-18,135.0,,False,Dinheiro,True,Saidas3156493,28,,"{""ITEM"": ""Pagamento Abel"", ""DATA DE PAGAMENTO"": ""2026-03-18"", ""MONTANTE"": 135, ""Nº Fatura"": null, ""Fatura C/NIF"": ""Não"", ""Tipo Pagamento"": ""Dinheiro"", ""Pago"": ""Sim""}"
a-beira-rio-1fds,saida,"LER Evento Beira Rio 148,05€ / 5eventos",2026-05-27,29.61,,True,Transferencia,True,Saidas3156496,18,,"{""ITEM"": ""LER Evento Beira Rio 148,05€ / 5eventos"", ""DATA DE PAGAMENTO"": ""2026-05-27"", ""MONTANTE"": 29.61, ""Nº Fatura"": null, ""Fatura C/NIF"": ""Sim"", ""Tipo Pagamento"": ""Transferencia"", ""Pago"": ""Sim""}"
a-beira-rio-1fds,saida,Louricke,2026-05-29,291.53,,False,Dinheiro,True,Saidas3156496,19,,"{""ITEM"": ""Louricke"", ""DATA DE PAGAMENTO"": ""2026-05-29"", ""MONTANTE"": 291.53, ""Nº Fatura"": null, ""Fatura C/NIF"": ""Não"", ""Tipo Pagamento"": ""Dinheiro"", ""Pago"": ""Sim""}"
dia-do-quarentao,saida,"LER Evento Beira Rio 148,05€ / 5eventos",2026-05-27,29.61,,True,Transferencia,True,Saidas3156499,18,,"{""ITEM"": ""LER Evento Beira Rio 148,05€ / 5eventos"", ""DATA DE PAGAMENTO"": ""2026-05-27"", ""MONTANTE"": 29.61, ""Nº Fatura"": null, ""Fatura C/NIF"": ""Sim"", ""Tipo Pagamento"": ""Transferencia"", ""Pago"": ""Sim""}"
artevel,saida,"LER Evento Beira Rio 148,05€ / 5eventos",2026-05-27,29.61,,True,Transferencia,True,Saidas3156487,18,,"{""ITEM"": ""LER Evento Beira Rio 148,05€ / 5eventos"", ""DATA DE PAGAMENTO"": ""2026-05-27"", ""MONTANTE"": 29.61, ""Nº Fatura"": null, ""Fatura C/NIF"": ""Sim"", ""Tipo Pagamento"": ""Transferencia"", ""Pago"": ""Sim""}"
artevel,saida,Vinhos Franco,2026-04-29,125.05,,True,Transferencia,True,Saidas3156487,19,,"{""ITEM"": ""Vinhos Franco"", ""DATA DE PAGAMENTO"": ""2026-04-29"", ""MONTANTE"": 125.05, ""Nº Fatura"": null, ""Fatura C/NIF"": ""Sim"", ""Tipo Pagamento"": ""Transferencia"", ""Pago"": ""Sim""}"
artevel,a_pagamento,Resto F.Vinho,,,,,,,APagamento4166588,18,,"{""ITEM"": ""Resto F.Vinho"", ""MONTANTE"": null}"
a-beira-rio-2fds,saida,"LER Evento Beira Rio 148,05€ / 5eventos",2026-05-27,29.61,,True,Transferencia,True,Saidas31564102,18,,"{""ITEM"": ""LER Evento Beira Rio 148,05€ / 5eventos"", ""DATA DE PAGAMENTO"": ""2026-05-27"", ""MONTANTE"": 29.61, ""Nº Fatura"": null, ""Fatura C/NIF"": ""Sim"", ""Tipo Pagamento"": ""Transferencia"", ""Pago"": ""Sim""}"
a-beira-rio-3fds,saida,"LER Evento Beira Rio 148,05€ / 5eventos",2026-05-27,29.61,,True,Transferencia,True,Saidas31564105,18,,"{""ITEM"": ""LER Evento Beira Rio 148,05€ / 5eventos"", ""DATA DE PAGAMENTO"": ""2026-05-27"", ""MONTANTE"": 29.61, ""Nº Fatura"": null, ""Fatura C/NIF"": ""Sim"", ""Tipo Pagamento"": ""Transferencia"", ""Pago"": ""Sim""}"
